####
#
#	OBJ File Generated by LightWave3D
#	LightWave3D OBJ Export v2.3
#
####
o beerpongcups.obj
mtllib beerpongcups.mtl
g default
v 0.0241928 -0.00503253 0.0225288
v 0.0209759 -0.00503253 0.0249892
v 0.0209759 -0.0100482 0.0249892
v 0.0241928 -0.0100482 0.0225288
v 0.0209759 -0.00503253 0.0249892
v 0.0198196 -0.00503253 0.0288707
v 0.0198196 -0.0100482 0.0288707
v 0.0209759 -0.0100482 0.0249892
v 0.0198196 -0.00503253 0.0288707
v 0.0211656 -0.00503253 0.0326904
v 0.0211656 -0.0100482 0.0326904
v 0.0198196 -0.0100482 0.0288707
v 0.0211656 -0.00503253 0.0326904
v 0.0244998 -0.00503253 0.0349897
v 0.0244998 -0.0100482 0.0349897
v 0.0211656 -0.0100482 0.0326904
v 0.0244998 -0.00503253 0.0349897
v 0.0285486 -0.00503253 0.0348898
v 0.0285486 -0.0100482 0.0348898
v 0.0244998 -0.0100482 0.0349897
v 0.0285486 -0.00503253 0.0348898
v 0.0317655 -0.00503253 0.0324293
v 0.0317655 -0.0100482 0.0324293
v 0.0285486 -0.0100482 0.0348898
v 0.0317655 -0.00503253 0.0324293
v 0.0329218 -0.00503253 0.0285479
v 0.0329218 -0.0100482 0.0285479
v 0.0317655 -0.0100482 0.0324293
v 0.0329218 -0.00503253 0.0285479
v 0.0315758 -0.00503253 0.0247282
v 0.0315758 -0.0100482 0.0247282
v 0.0329218 -0.0100482 0.0285479
v 0.0315758 -0.00503253 0.0247282
v 0.0282416 -0.00503253 0.0224289
v 0.0282416 -0.0100482 0.0224289
v 0.0315758 -0.0100482 0.0247282
v 0.0282416 -0.00503253 0.0224289
v 0.0241928 -0.00503253 0.0225288
v 0.0241928 -0.0100482 0.0225288
v 0.0282416 -0.0100482 0.0224289
v 0.0241928 -0.0100482 0.0225288
v 0.0209759 -0.0100482 0.0249892
v 0.0198196 -0.0100482 0.0288707
v 0.0211656 -0.0100482 0.0326904
v 0.0244998 -0.0100482 0.0349897
v 0.0285486 -0.0100482 0.0348898
v 0.0317655 -0.0100482 0.0324293
v 0.0329218 -0.0100482 0.0285479
v 0.0315758 -0.0100482 0.0247282
v 0.0282416 -0.0100482 0.0224289
v 0.0285718 0.00927758 0.0213207
v 0.0324943 0.00927758 0.0240255
v 0.0324943 0.0100486 0.0240255
v 0.0285718 0.0100486 0.0213207
v 0.0282416 -0.00503253 0.0224289
v 0.0315758 -0.00503253 0.0247282
v 0.0324943 0.00927758 0.0240255
v 0.0285718 0.00927758 0.0213207
v 0.0315758 -0.00503253 0.0247282
v 0.0329218 -0.00503253 0.0285479
v 0.0340779 0.00927758 0.0285195
v 0.0324943 0.00927758 0.0240255
v 0.0329218 -0.00503253 0.0285479
v 0.0317655 -0.00503253 0.0324293
v 0.0327175 0.00927758 0.0330859
v 0.0340779 0.00927758 0.0285195
v 0.0317655 -0.00503253 0.0324293
v 0.0285486 -0.00503253 0.0348898
v 0.0289329 0.00927758 0.0359806
v 0.0327175 0.00927758 0.0330859
v 0.0285486 -0.00503253 0.0348898
v 0.0244998 -0.00503253 0.0349897
v 0.0241696 0.00927758 0.0360979
v 0.0289329 0.00927758 0.0359806
v 0.0244998 -0.00503253 0.0349897
v 0.0211656 -0.00503253 0.0326904
v 0.020247 0.00927758 0.033393
v 0.0241696 0.00927758 0.0360979
v 0.0211656 -0.00503253 0.0326904
v 0.0198196 -0.00503253 0.0288707
v 0.0186635 0.00927758 0.0288991
v 0.020247 0.00927758 0.033393
v 0.0198196 -0.00503253 0.0288707
v 0.0209759 -0.00503253 0.0249892
v 0.0200238 0.00927758 0.0243326
v 0.0186635 0.00927758 0.0288991
v 0.0209759 -0.00503253 0.0249892
v 0.0241928 -0.00503253 0.0225288
v 0.0238085 0.00927758 0.021438
v 0.0200238 0.00927758 0.0243326
v 0.0241928 -0.00503253 0.0225288
v 0.0282416 -0.00503253 0.0224289
v 0.0285718 0.00927758 0.0213207
v 0.0238085 0.00927758 0.021438
v 0.0324943 0.00927758 0.0240255
v 0.0340779 0.00927758 0.0285195
v 0.0340779 0.0100486 0.0285195
v 0.0324943 0.0100486 0.0240255
v 0.0340779 0.00927758 0.0285195
v 0.0327175 0.00927758 0.0330859
v 0.0327175 0.0100486 0.0330859
v 0.0340779 0.0100486 0.0285195
v 0.0327175 0.00927758 0.0330859
v 0.0289329 0.00927758 0.0359806
v 0.0289329 0.0100486 0.0359806
v 0.0327175 0.0100486 0.0330859
v 0.0289329 0.00927758 0.0359806
v 0.0241696 0.00927758 0.0360979
v 0.0241696 0.0100486 0.0360979
v 0.0289329 0.0100486 0.0359806
v 0.0241696 0.00927758 0.0360979
v 0.020247 0.00927758 0.033393
v 0.020247 0.0100486 0.033393
v 0.0241696 0.0100486 0.0360979
v 0.020247 0.00927758 0.033393
v 0.0186635 0.00927758 0.0288991
v 0.0186635 0.0100486 0.0288991
v 0.020247 0.0100486 0.033393
v 0.0186635 0.00927758 0.0288991
v 0.0200238 0.00927758 0.0243326
v 0.0200238 0.0100486 0.0243326
v 0.0186635 0.0100486 0.0288991
v 0.0200238 0.00927758 0.0243326
v 0.0238085 0.00927758 0.021438
v 0.0238085 0.0100486 0.021438
v 0.0200238 0.0100486 0.0243326
v 0.0238085 0.00927758 0.021438
v 0.0285718 0.00927758 0.0213207
v 0.0285718 0.0100486 0.0213207
v 0.0238085 0.0100486 0.021438
v 0.0285718 0.0100486 0.0213207
v 0.0324943 0.0100486 0.0240255
v 0.031882 0.0100486 0.0244938
v 0.0283517 0.0100486 0.0220595
v 0.0324943 0.0100486 0.0240255
v 0.0340779 0.0100486 0.0285195
v 0.0333072 0.0100486 0.0285383
v 0.031882 0.0100486 0.0244938
v 0.0340779 0.0100486 0.0285195
v 0.0327175 0.0100486 0.0330859
v 0.0320829 0.0100486 0.0326482
v 0.0333072 0.0100486 0.0285383
v 0.0327175 0.0100486 0.0330859
v 0.0289329 0.0100486 0.0359806
v 0.0286767 0.0100486 0.0352534
v 0.0320829 0.0100486 0.0326482
v 0.0289329 0.0100486 0.0359806
v 0.0241696 0.0100486 0.0360979
v 0.0243897 0.0100486 0.035359
v 0.0286767 0.0100486 0.0352534
v 0.0241696 0.0100486 0.0360979
v 0.020247 0.0100486 0.033393
v 0.0208594 0.0100486 0.0329248
v 0.0243897 0.0100486 0.035359
v 0.020247 0.0100486 0.033393
v 0.0186635 0.0100486 0.0288991
v 0.0194342 0.0100486 0.0288802
v 0.0208594 0.0100486 0.0329248
v 0.0186635 0.0100486 0.0288991
v 0.0200238 0.0100486 0.0243326
v 0.0206585 0.0100486 0.0247704
v 0.0194342 0.0100486 0.0288802
v 0.0200238 0.0100486 0.0243326
v 0.0238085 0.0100486 0.021438
v 0.0240647 0.0100486 0.0221652
v 0.0206585 0.0100486 0.0247704
v 0.0238085 0.0100486 0.021438
v 0.0285718 0.0100486 0.0213207
v 0.0283517 0.0100486 0.0220595
v 0.0240647 0.0100486 0.0221652
v 0.0283517 0.0100486 0.0220595
v 0.031882 0.0100486 0.0244938
v 0.0315758 -0.0100482 0.0247282
v 0.0282416 -0.0100482 0.0224289
v 0.031882 0.0100486 0.0244938
v 0.0333072 0.0100486 0.0285383
v 0.0329218 -0.0100482 0.0285479
v 0.0315758 -0.0100482 0.0247282
v 0.0333072 0.0100486 0.0285383
v 0.0320829 0.0100486 0.0326482
v 0.0317655 -0.0100482 0.0324293
v 0.0329218 -0.0100482 0.0285479
v 0.0320829 0.0100486 0.0326482
v 0.0286767 0.0100486 0.0352534
v 0.0285486 -0.0100482 0.0348898
v 0.0317655 -0.0100482 0.0324293
v 0.0286767 0.0100486 0.0352534
v 0.0243897 0.0100486 0.035359
v 0.0244998 -0.0100482 0.0349897
v 0.0285486 -0.0100482 0.0348898
v 0.0243897 0.0100486 0.035359
v 0.0208594 0.0100486 0.0329248
v 0.0211656 -0.0100482 0.0326904
v 0.0244998 -0.0100482 0.0349897
v 0.0208594 0.0100486 0.0329248
v 0.0194342 0.0100486 0.0288802
v 0.0198196 -0.0100482 0.0288707
v 0.0211656 -0.0100482 0.0326904
v 0.0194342 0.0100486 0.0288802
v 0.0206585 0.0100486 0.0247704
v 0.0209759 -0.0100482 0.0249892
v 0.0198196 -0.0100482 0.0288707
v 0.0206585 0.0100486 0.0247704
v 0.0240647 0.0100486 0.0221652
v 0.0241928 -0.0100482 0.0225288
v 0.0209759 -0.0100482 0.0249892
v 0.0240647 0.0100486 0.0221652
v 0.0283517 0.0100486 0.0220595
v 0.0282416 -0.0100482 0.0224289
v 0.0241928 -0.0100482 0.0225288
v 0.0282416 -0.0100482 0.0224289
v 0.0315758 -0.0100482 0.0247282
v 0.0329218 -0.0100482 0.0285479
v 0.0317655 -0.0100482 0.0324293
v 0.0285486 -0.0100482 0.0348898
v 0.0244998 -0.0100482 0.0349897
v 0.0211656 -0.0100482 0.0326904
v 0.0198196 -0.0100482 0.0288707
v 0.0209759 -0.0100482 0.0249892
v 0.0241928 -0.0100482 0.0225288
v -0.0113225 -0.00503253 0.0225285
v -0.0145394 -0.00503253 0.024989
v -0.0145394 -0.0100482 0.024989
v -0.0113225 -0.0100482 0.0225285
v -0.0145394 -0.00503253 0.024989
v -0.0156957 -0.00503253 0.0288704
v -0.0156957 -0.0100482 0.0288704
v -0.0145394 -0.0100482 0.024989
v -0.0156957 -0.00503253 0.0288704
v -0.0143497 -0.00503253 0.0326902
v -0.0143497 -0.0100482 0.0326902
v -0.0156957 -0.0100482 0.0288704
v -0.0143497 -0.00503253 0.0326902
v -0.0110155 -0.00503253 0.0349895
v -0.0110155 -0.0100482 0.0349895
v -0.0143497 -0.0100482 0.0326902
v -0.0110155 -0.00503253 0.0349895
v -0.0069667 -0.00503253 0.0348896
v -0.0069667 -0.0100482 0.0348896
v -0.0110155 -0.0100482 0.0349895
v -0.0069667 -0.00503253 0.0348896
v -0.0037498 -0.00503253 0.0324291
v -0.0037498 -0.0100482 0.0324291
v -0.0069667 -0.0100482 0.0348896
v -0.0037498 -0.00503253 0.0324291
v -0.0025935 -0.00503253 0.0285476
v -0.0025935 -0.0100482 0.0285476
v -0.0037498 -0.0100482 0.0324291
v -0.0025935 -0.00503253 0.0285476
v -0.00393949 -0.00503253 0.0247279
v -0.00393949 -0.0100482 0.0247279
v -0.0025935 -0.0100482 0.0285476
v -0.00393949 -0.00503253 0.0247279
v -0.00727369 -0.00503253 0.0224286
v -0.00727369 -0.0100482 0.0224286
v -0.00393949 -0.0100482 0.0247279
v -0.00727369 -0.00503253 0.0224286
v -0.0113225 -0.00503253 0.0225285
v -0.0113225 -0.0100482 0.0225285
v -0.00727369 -0.0100482 0.0224286
v -0.0113225 -0.0100482 0.0225285
v -0.0145394 -0.0100482 0.024989
v -0.0156957 -0.0100482 0.0288704
v -0.0143497 -0.0100482 0.0326902
v -0.0110155 -0.0100482 0.0349895
v -0.0069667 -0.0100482 0.0348896
v -0.0037498 -0.0100482 0.0324291
v -0.0025935 -0.0100482 0.0285476
v -0.00393949 -0.0100482 0.0247279
v -0.00727369 -0.0100482 0.0224286
v -0.00694348 0.00927758 0.0213204
v -0.00302099 0.00927758 0.0240253
v -0.00302099 0.0100486 0.0240253
v -0.00694348 0.0100486 0.0213204
v -0.00727369 -0.00503253 0.0224286
v -0.00393949 -0.00503253 0.0247279
v -0.00302099 0.00927758 0.0240253
v -0.00694348 0.00927758 0.0213204
v -0.00393949 -0.00503253 0.0247279
v -0.0025935 -0.00503253 0.0285476
v -0.00143738 0.00927758 0.0285193
v -0.00302099 0.00927758 0.0240253
v -0.0025935 -0.00503253 0.0285476
v -0.0037498 -0.00503253 0.0324291
v -0.0027978 0.00927758 0.0330857
v -0.00143738 0.00927758 0.0285193
v -0.0037498 -0.00503253 0.0324291
v -0.0069667 -0.00503253 0.0348896
v -0.00658239 0.00927758 0.0359803
v -0.0027978 0.00927758 0.0330857
v -0.0069667 -0.00503253 0.0348896
v -0.0110155 -0.00503253 0.0349895
v -0.0113457 0.00927758 0.0360976
v -0.00658239 0.00927758 0.0359803
v -0.0110155 -0.00503253 0.0349895
v -0.0143497 -0.00503253 0.0326902
v -0.0152683 0.00927758 0.0333928
v -0.0113457 0.00927758 0.0360976
v -0.0143497 -0.00503253 0.0326902
v -0.0156957 -0.00503253 0.0288704
v -0.0168518 0.00927758 0.0288988
v -0.0152683 0.00927758 0.0333928
v -0.0156957 -0.00503253 0.0288704
v -0.0145394 -0.00503253 0.024989
v -0.0154915 0.00927758 0.0243324
v -0.0168518 0.00927758 0.0288988
v -0.0145394 -0.00503253 0.024989
v -0.0113225 -0.00503253 0.0225285
v -0.0117069 0.00927758 0.0214377
v -0.0154915 0.00927758 0.0243324
v -0.0113225 -0.00503253 0.0225285
v -0.00727369 -0.00503253 0.0224286
v -0.00694348 0.00927758 0.0213204
v -0.0117069 0.00927758 0.0214377
v -0.00302099 0.00927758 0.0240253
v -0.00143738 0.00927758 0.0285193
v -0.00143738 0.0100486 0.0285193
v -0.00302099 0.0100486 0.0240253
v -0.00143738 0.00927758 0.0285193
v -0.0027978 0.00927758 0.0330857
v -0.0027978 0.0100486 0.0330857
v -0.00143738 0.0100486 0.0285193
v -0.0027978 0.00927758 0.0330857
v -0.00658239 0.00927758 0.0359803
v -0.00658239 0.0100486 0.0359803
v -0.0027978 0.0100486 0.0330857
v -0.00658239 0.00927758 0.0359803
v -0.0113457 0.00927758 0.0360976
v -0.0113457 0.0100486 0.0360976
v -0.00658239 0.0100486 0.0359803
v -0.0113457 0.00927758 0.0360976
v -0.0152683 0.00927758 0.0333928
v -0.0152683 0.0100486 0.0333928
v -0.0113457 0.0100486 0.0360976
v -0.0152683 0.00927758 0.0333928
v -0.0168518 0.00927758 0.0288988
v -0.0168518 0.0100486 0.0288988
v -0.0152683 0.0100486 0.0333928
v -0.0168518 0.00927758 0.0288988
v -0.0154915 0.00927758 0.0243324
v -0.0154915 0.0100486 0.0243324
v -0.0168518 0.0100486 0.0288988
v -0.0154915 0.00927758 0.0243324
v -0.0117069 0.00927758 0.0214377
v -0.0117069 0.0100486 0.0214377
v -0.0154915 0.0100486 0.0243324
v -0.0117069 0.00927758 0.0214377
v -0.00694348 0.00927758 0.0213204
v -0.00694348 0.0100486 0.0213204
v -0.0117069 0.0100486 0.0214377
v -0.00694348 0.0100486 0.0213204
v -0.00302099 0.0100486 0.0240253
v -0.00363331 0.0100486 0.0244936
v -0.0071636 0.0100486 0.0220593
v -0.00302099 0.0100486 0.0240253
v -0.00143738 0.0100486 0.0285193
v -0.0022081 0.0100486 0.0285381
v -0.00363331 0.0100486 0.0244936
v -0.00143738 0.0100486 0.0285193
v -0.0027978 0.0100486 0.0330857
v -0.00343238 0.0100486 0.032648
v -0.0022081 0.0100486 0.0285381
v -0.0027978 0.0100486 0.0330857
v -0.00658239 0.0100486 0.0359803
v -0.0068386 0.0100486 0.0352532
v -0.00343238 0.0100486 0.032648
v -0.00658239 0.0100486 0.0359803
v -0.0113457 0.0100486 0.0360976
v -0.0111256 0.0100486 0.0353588
v -0.0068386 0.0100486 0.0352532
v -0.0113457 0.0100486 0.0360976
v -0.0152683 0.0100486 0.0333928
v -0.0146559 0.0100486 0.0329245
v -0.0111256 0.0100486 0.0353588
v -0.0152683 0.0100486 0.0333928
v -0.0168518 0.0100486 0.0288988
v -0.0160811 0.0100486 0.02888
v -0.0146559 0.0100486 0.0329245
v -0.0168518 0.0100486 0.0288988
v -0.0154915 0.0100486 0.0243324
v -0.0148568 0.0100486 0.0247701
v -0.0160811 0.0100486 0.02888
v -0.0154915 0.0100486 0.0243324
v -0.0117069 0.0100486 0.0214377
v -0.0114506 0.0100486 0.0221649
v -0.0148568 0.0100486 0.0247701
v -0.0117069 0.0100486 0.0214377
v -0.00694348 0.0100486 0.0213204
v -0.0071636 0.0100486 0.0220593
v -0.0114506 0.0100486 0.0221649
v -0.0071636 0.0100486 0.0220593
v -0.00363331 0.0100486 0.0244936
v -0.00393949 -0.0100482 0.0247279
v -0.00727369 -0.0100482 0.0224286
v -0.00363331 0.0100486 0.0244936
v -0.0022081 0.0100486 0.0285381
v -0.0025935 -0.0100482 0.0285476
v -0.00393949 -0.0100482 0.0247279
v -0.0022081 0.0100486 0.0285381
v -0.00343238 0.0100486 0.032648
v -0.0037498 -0.0100482 0.0324291
v -0.0025935 -0.0100482 0.0285476
v -0.00343238 0.0100486 0.032648
v -0.0068386 0.0100486 0.0352532
v -0.0069667 -0.0100482 0.0348896
v -0.0037498 -0.0100482 0.0324291
v -0.0068386 0.0100486 0.0352532
v -0.0111256 0.0100486 0.0353588
v -0.0110155 -0.0100482 0.0349895
v -0.0069667 -0.0100482 0.0348896
v -0.0111256 0.0100486 0.0353588
v -0.0146559 0.0100486 0.0329245
v -0.0143497 -0.0100482 0.0326902
v -0.0110155 -0.0100482 0.0349895
v -0.0146559 0.0100486 0.0329245
v -0.0160811 0.0100486 0.02888
v -0.0156957 -0.0100482 0.0288704
v -0.0143497 -0.0100482 0.0326902
v -0.0160811 0.0100486 0.02888
v -0.0148568 0.0100486 0.0247701
v -0.0145394 -0.0100482 0.024989
v -0.0156957 -0.0100482 0.0288704
v -0.0148568 0.0100486 0.0247701
v -0.0114506 0.0100486 0.0221649
v -0.0113225 -0.0100482 0.0225285
v -0.0145394 -0.0100482 0.024989
v -0.0114506 0.0100486 0.0221649
v -0.0071636 0.0100486 0.0220593
v -0.00727369 -0.0100482 0.0224286
v -0.0113225 -0.0100482 0.0225285
v -0.00727369 -0.0100482 0.0224286
v -0.00393949 -0.0100482 0.0247279
v -0.0025935 -0.0100482 0.0285476
v -0.0037498 -0.0100482 0.0324291
v -0.0069667 -0.0100482 0.0348896
v -0.0110155 -0.0100482 0.0349895
v -0.0143497 -0.0100482 0.0326902
v -0.0156957 -0.0100482 0.0288704
v -0.0145394 -0.0100482 0.024989
v -0.0113225 -0.0100482 0.0225285
v -0.0285486 -0.00503253 0.0225288
v -0.0317655 -0.00503253 0.0249892
v -0.0317655 -0.0100482 0.0249892
v -0.0285486 -0.0100482 0.0225288
v -0.0317655 -0.00503253 0.0249892
v -0.0329218 -0.00503253 0.0288707
v -0.0329218 -0.0100482 0.0288707
v -0.0317655 -0.0100482 0.0249892
v -0.0329218 -0.00503253 0.0288707
v -0.0315758 -0.00503253 0.0326904
v -0.0315758 -0.0100482 0.0326904
v -0.0329218 -0.0100482 0.0288707
v -0.0315758 -0.00503253 0.0326904
v -0.0282416 -0.00503253 0.0349897
v -0.0282416 -0.0100482 0.0349897
v -0.0315758 -0.0100482 0.0326904
v -0.0282416 -0.00503253 0.0349897
v -0.0241928 -0.00503253 0.0348898
v -0.0241928 -0.0100482 0.0348898
v -0.0282416 -0.0100482 0.0349897
v -0.0241928 -0.00503253 0.0348898
v -0.0209759 -0.00503253 0.0324293
v -0.0209759 -0.0100482 0.0324293
v -0.0241928 -0.0100482 0.0348898
v -0.0209759 -0.00503253 0.0324293
v -0.0198196 -0.00503253 0.0285479
v -0.0198196 -0.0100482 0.0285479
v -0.0209759 -0.0100482 0.0324293
v -0.0198196 -0.00503253 0.0285479
v -0.0211656 -0.00503253 0.0247282
v -0.0211656 -0.0100482 0.0247282
v -0.0198196 -0.0100482 0.0285479
v -0.0211656 -0.00503253 0.0247282
v -0.0244998 -0.00503253 0.0224289
v -0.0244998 -0.0100482 0.0224289
v -0.0211656 -0.0100482 0.0247282
v -0.0244998 -0.00503253 0.0224289
v -0.0285486 -0.00503253 0.0225288
v -0.0285486 -0.0100482 0.0225288
v -0.0244998 -0.0100482 0.0224289
v -0.0285486 -0.0100482 0.0225288
v -0.0317655 -0.0100482 0.0249892
v -0.0329218 -0.0100482 0.0288707
v -0.0315758 -0.0100482 0.0326904
v -0.0282416 -0.0100482 0.0349897
v -0.0241928 -0.0100482 0.0348898
v -0.0209759 -0.0100482 0.0324293
v -0.0198196 -0.0100482 0.0285479
v -0.0211656 -0.0100482 0.0247282
v -0.0244998 -0.0100482 0.0224289
v -0.0241696 0.00927758 0.0213207
v -0.0202471 0.00927758 0.0240255
v -0.0202471 0.0100486 0.0240255
v -0.0241696 0.0100486 0.0213207
v -0.0244998 -0.00503253 0.0224289
v -0.0211656 -0.00503253 0.0247282
v -0.0202471 0.00927758 0.0240255
v -0.0241696 0.00927758 0.0213207
v -0.0211656 -0.00503253 0.0247282
v -0.0198196 -0.00503253 0.0285479
v -0.0186635 0.00927758 0.0285195
v -0.0202471 0.00927758 0.0240255
v -0.0198196 -0.00503253 0.0285479
v -0.0209759 -0.00503253 0.0324293
v -0.0200239 0.00927758 0.0330859
v -0.0186635 0.00927758 0.0285195
v -0.0209759 -0.00503253 0.0324293
v -0.0241928 -0.00503253 0.0348898
v -0.0238085 0.00927758 0.0359806
v -0.0200239 0.00927758 0.0330859
v -0.0241928 -0.00503253 0.0348898
v -0.0282416 -0.00503253 0.0349897
v -0.0285718 0.00927758 0.0360979
v -0.0238085 0.00927758 0.0359806
v -0.0282416 -0.00503253 0.0349897
v -0.0315758 -0.00503253 0.0326904
v -0.0324944 0.00927758 0.033393
v -0.0285718 0.00927758 0.0360979
v -0.0315758 -0.00503253 0.0326904
v -0.0329218 -0.00503253 0.0288707
v -0.0340779 0.00927758 0.0288991
v -0.0324944 0.00927758 0.033393
v -0.0329218 -0.00503253 0.0288707
v -0.0317655 -0.00503253 0.0249892
v -0.0327176 0.00927758 0.0243326
v -0.0340779 0.00927758 0.0288991
v -0.0317655 -0.00503253 0.0249892
v -0.0285486 -0.00503253 0.0225288
v -0.028933 0.00927758 0.021438
v -0.0327176 0.00927758 0.0243326
v -0.0285486 -0.00503253 0.0225288
v -0.0244998 -0.00503253 0.0224289
v -0.0241696 0.00927758 0.0213207
v -0.028933 0.00927758 0.021438
v -0.0202471 0.00927758 0.0240255
v -0.0186635 0.00927758 0.0285195
v -0.0186635 0.0100486 0.0285195
v -0.0202471 0.0100486 0.0240255
v -0.0186635 0.00927758 0.0285195
v -0.0200239 0.00927758 0.0330859
v -0.0200239 0.0100486 0.0330859
v -0.0186635 0.0100486 0.0285195
v -0.0200239 0.00927758 0.0330859
v -0.0238085 0.00927758 0.0359806
v -0.0238085 0.0100486 0.0359806
v -0.0200239 0.0100486 0.0330859
v -0.0238085 0.00927758 0.0359806
v -0.0285718 0.00927758 0.0360979
v -0.0285718 0.0100486 0.0360979
v -0.0238085 0.0100486 0.0359806
v -0.0285718 0.00927758 0.0360979
v -0.0324944 0.00927758 0.033393
v -0.0324944 0.0100486 0.033393
v -0.0285718 0.0100486 0.0360979
v -0.0324944 0.00927758 0.033393
v -0.0340779 0.00927758 0.0288991
v -0.0340779 0.0100486 0.0288991
v -0.0324944 0.0100486 0.033393
v -0.0340779 0.00927758 0.0288991
v -0.0327176 0.00927758 0.0243326
v -0.0327176 0.0100486 0.0243326
v -0.0340779 0.0100486 0.0288991
v -0.0327176 0.00927758 0.0243326
v -0.028933 0.00927758 0.021438
v -0.028933 0.0100486 0.021438
v -0.0327176 0.0100486 0.0243326
v -0.028933 0.00927758 0.021438
v -0.0241696 0.00927758 0.0213207
v -0.0241696 0.0100486 0.0213207
v -0.028933 0.0100486 0.021438
v -0.0241696 0.0100486 0.0213207
v -0.0202471 0.0100486 0.0240255
v -0.0208594 0.0100486 0.0244938
v -0.0243897 0.0100486 0.0220595
v -0.0202471 0.0100486 0.0240255
v -0.0186635 0.0100486 0.0285195
v -0.0194342 0.0100486 0.0285383
v -0.0208594 0.0100486 0.0244938
v -0.0186635 0.0100486 0.0285195
v -0.0200239 0.0100486 0.0330859
v -0.0206585 0.0100486 0.0326482
v -0.0194342 0.0100486 0.0285383
v -0.0200239 0.0100486 0.0330859
v -0.0238085 0.0100486 0.0359806
v -0.0240647 0.0100486 0.0352534
v -0.0206585 0.0100486 0.0326482
v -0.0238085 0.0100486 0.0359806
v -0.0285718 0.0100486 0.0360979
v -0.0283517 0.0100486 0.035359
v -0.0240647 0.0100486 0.0352534
v -0.0285718 0.0100486 0.0360979
v -0.0324944 0.0100486 0.033393
v -0.031882 0.0100486 0.0329248
v -0.0283517 0.0100486 0.035359
v -0.0324944 0.0100486 0.033393
v -0.0340779 0.0100486 0.0288991
v -0.0333072 0.0100486 0.0288802
v -0.031882 0.0100486 0.0329248
v -0.0340779 0.0100486 0.0288991
v -0.0327176 0.0100486 0.0243326
v -0.0320829 0.0100486 0.0247704
v -0.0333072 0.0100486 0.0288802
v -0.0327176 0.0100486 0.0243326
v -0.028933 0.0100486 0.021438
v -0.0286767 0.0100486 0.0221652
v -0.0320829 0.0100486 0.0247704
v -0.028933 0.0100486 0.021438
v -0.0241696 0.0100486 0.0213207
v -0.0243897 0.0100486 0.0220595
v -0.0286767 0.0100486 0.0221652
v -0.0243897 0.0100486 0.0220595
v -0.0208594 0.0100486 0.0244938
v -0.0211656 -0.0100482 0.0247282
v -0.0244998 -0.0100482 0.0224289
v -0.0208594 0.0100486 0.0244938
v -0.0194342 0.0100486 0.0285383
v -0.0198196 -0.0100482 0.0285479
v -0.0211656 -0.0100482 0.0247282
v -0.0194342 0.0100486 0.0285383
v -0.0206585 0.0100486 0.0326482
v -0.0209759 -0.0100482 0.0324293
v -0.0198196 -0.0100482 0.0285479
v -0.0206585 0.0100486 0.0326482
v -0.0240647 0.0100486 0.0352534
v -0.0241928 -0.0100482 0.0348898
v -0.0209759 -0.0100482 0.0324293
v -0.0240647 0.0100486 0.0352534
v -0.0283517 0.0100486 0.035359
v -0.0282416 -0.0100482 0.0349897
v -0.0241928 -0.0100482 0.0348898
v -0.0283517 0.0100486 0.035359
v -0.031882 0.0100486 0.0329248
v -0.0315758 -0.0100482 0.0326904
v -0.0282416 -0.0100482 0.0349897
v -0.031882 0.0100486 0.0329248
v -0.0333072 0.0100486 0.0288802
v -0.0329218 -0.0100482 0.0288707
v -0.0315758 -0.0100482 0.0326904
v -0.0333072 0.0100486 0.0288802
v -0.0320829 0.0100486 0.0247704
v -0.0317655 -0.0100482 0.0249892
v -0.0329218 -0.0100482 0.0288707
v -0.0320829 0.0100486 0.0247704
v -0.0286767 0.0100486 0.0221652
v -0.0285486 -0.0100482 0.0225288
v -0.0317655 -0.0100482 0.0249892
v -0.0286767 0.0100486 0.0221652
v -0.0243897 0.0100486 0.0220595
v -0.0244998 -0.0100482 0.0224289
v -0.0285486 -0.0100482 0.0225288
v -0.0244998 -0.0100482 0.0224289
v -0.0211656 -0.0100482 0.0247282
v -0.0198196 -0.0100482 0.0285479
v -0.0209759 -0.0100482 0.0324293
v -0.0241928 -0.0100482 0.0348898
v -0.0282416 -0.0100482 0.0349897
v -0.0315758 -0.0100482 0.0326904
v -0.0329218 -0.0100482 0.0288707
v -0.0317655 -0.0100482 0.0249892
v -0.0285486 -0.0100482 0.0225288
v -0.0144481 -0.00503302 0.0093051
v -0.0169086 -0.00503302 0.0060884
v -0.0169086 -0.0100486 0.0060881
v -0.0144481 -0.0100486 0.0093051
v -0.0169086 -0.00503302 0.0060884
v -0.0207901 -0.00503302 0.00493199
v -0.0207901 -0.0100486 0.00493199
v -0.0169086 -0.0100486 0.0060881
v -0.0207901 -0.00503302 0.00493199
v -0.0246099 -0.00503302 0.0062779
v -0.0246099 -0.0100486 0.0062779
v -0.0207901 -0.0100486 0.00493199
v -0.0246099 -0.00503302 0.0062779
v -0.0269091 -0.00503302 0.0096122
v -0.0269091 -0.0100486 0.0096122
v -0.0246099 -0.0100486 0.0062779
v -0.0269091 -0.00503302 0.0096122
v -0.0268094 -0.00503302 0.013661
v -0.0268094 -0.0100486 0.013661
v -0.0269091 -0.0100486 0.0096122
v -0.0268094 -0.00503302 0.013661
v -0.0243488 -0.00503302 0.016878
v -0.0243488 -0.0100486 0.016878
v -0.0268094 -0.0100486 0.013661
v -0.0243488 -0.00503302 0.016878
v -0.0204674 -0.00503302 0.0180341
v -0.0204674 -0.0100486 0.0180341
v -0.0243488 -0.0100486 0.016878
v -0.0204674 -0.00503302 0.0180341
v -0.0166475 -0.00503302 0.0166882
v -0.0166475 -0.0100486 0.0166882
v -0.0204674 -0.0100486 0.0180341
v -0.0166475 -0.00503302 0.0166882
v -0.0143484 -0.00503302 0.0133539
v -0.0143484 -0.0100486 0.0133539
v -0.0166475 -0.0100486 0.0166882
v -0.0143484 -0.00503302 0.0133539
v -0.0144481 -0.00503302 0.0093051
v -0.0144481 -0.0100486 0.0093051
v -0.0143484 -0.0100486 0.0133539
v -0.0144481 -0.0100486 0.0093051
v -0.0169086 -0.0100486 0.0060881
v -0.0207901 -0.0100486 0.00493199
v -0.0246099 -0.0100486 0.0062779
v -0.0269091 -0.0100486 0.0096122
v -0.0268094 -0.0100486 0.013661
v -0.0243488 -0.0100486 0.016878
v -0.0204674 -0.0100486 0.0180341
v -0.0166475 -0.0100486 0.0166882
v -0.0143484 -0.0100486 0.0133539
v -0.0132401 0.00927711 0.0136841
v -0.015945 0.00927711 0.0176068
v -0.015945 0.0100482 0.0176068
v -0.0132401 0.0100482 0.0136841
v -0.0143484 -0.00503302 0.0133539
v -0.0166475 -0.00503302 0.0166882
v -0.015945 0.00927711 0.0176068
v -0.0132401 0.00927711 0.0136841
v -0.0166475 -0.00503302 0.0166882
v -0.0204674 -0.00503302 0.0180341
v -0.0204389 0.00927711 0.0191902
v -0.015945 0.00927711 0.0176068
v -0.0204674 -0.00503302 0.0180341
v -0.0243488 -0.00503302 0.016878
v -0.0250053 0.00927711 0.01783
v -0.0204389 0.00927711 0.0191902
v -0.0243488 -0.00503302 0.016878
v -0.0268094 -0.00503302 0.013661
v -0.0279 0.00927711 0.0140453
v -0.0250053 0.00927711 0.01783
v -0.0268094 -0.00503302 0.013661
v -0.0269091 -0.00503302 0.0096122
v -0.0280174 0.00927711 0.009282
v -0.0279 0.00927711 0.0140453
v -0.0269091 -0.00503302 0.0096122
v -0.0246099 -0.00503302 0.0062779
v -0.0253125 0.00927711 0.00535949
v -0.0280174 0.00927711 0.009282
v -0.0246099 -0.00503302 0.0062779
v -0.0207901 -0.00503302 0.00493199
v -0.0208186 0.00927711 0.00377589
v -0.0253125 0.00927711 0.00535949
v -0.0207901 -0.00503302 0.00493199
v -0.0169086 -0.00503302 0.0060884
v -0.0162522 0.00927711 0.00513609
v -0.0208186 0.00927711 0.00377589
v -0.0169086 -0.00503302 0.0060884
v -0.0144481 -0.00503302 0.0093051
v -0.0133574 0.00927711 0.0089208
v -0.0162522 0.00927711 0.00513609
v -0.0144481 -0.00503302 0.0093051
v -0.0143484 -0.00503302 0.0133539
v -0.0132401 0.00927711 0.0136841
v -0.0133574 0.00927711 0.0089208
v -0.015945 0.00927711 0.0176068
v -0.0204389 0.00927711 0.0191902
v -0.0204389 0.0100482 0.0191902
v -0.015945 0.0100482 0.0176068
v -0.0204389 0.00927711 0.0191902
v -0.0250053 0.00927711 0.01783
v -0.0250053 0.0100482 0.01783
v -0.0204389 0.0100482 0.0191902
v -0.0250053 0.00927711 0.01783
v -0.0279 0.00927711 0.0140453
v -0.0279 0.0100482 0.0140453
v -0.0250053 0.0100482 0.01783
v -0.0279 0.00927711 0.0140453
v -0.0280174 0.00927711 0.009282
v -0.0280174 0.0100482 0.009282
v -0.0279 0.0100482 0.0140453
v -0.0280174 0.00927711 0.009282
v -0.0253125 0.00927711 0.00535949
v -0.0253125 0.0100482 0.00535949
v -0.0280174 0.0100482 0.009282
v -0.0253125 0.00927711 0.00535949
v -0.0208186 0.00927711 0.00377589
v -0.0208186 0.0100482 0.00377589
v -0.0253125 0.0100482 0.00535949
v -0.0208186 0.00927711 0.00377589
v -0.0162522 0.00927711 0.00513609
v -0.0162522 0.0100482 0.00513609
v -0.0208186 0.0100482 0.00377589
v -0.0162522 0.00927711 0.00513609
v -0.0133574 0.00927711 0.0089208
v -0.0133574 0.0100482 0.0089208
v -0.0162522 0.0100482 0.00513609
v -0.0133574 0.00927711 0.0089208
v -0.0132401 0.00927711 0.0136841
v -0.0132401 0.0100482 0.0136841
v -0.0133574 0.0100482 0.0089208
v -0.0132401 0.0100482 0.0136841
v -0.015945 0.0100482 0.0176068
v -0.0164133 0.0100482 0.0169943
v -0.0139789 0.0100482 0.0134641
v -0.015945 0.0100482 0.0176068
v -0.0204389 0.0100482 0.0191902
v -0.0204579 0.0100482 0.0184196
v -0.0164133 0.0100482 0.0169943
v -0.0204389 0.0100482 0.0191902
v -0.0250053 0.0100482 0.01783
v -0.0245677 0.0100482 0.0171953
v -0.0204579 0.0100482 0.0184196
v -0.0250053 0.0100482 0.01783
v -0.0279 0.0100482 0.0140453
v -0.0271729 0.0100482 0.013789
v -0.0245677 0.0100482 0.0171953
v -0.0279 0.0100482 0.0140453
v -0.0280174 0.0100482 0.009282
v -0.0272785 0.0100482 0.00950199
v -0.0271729 0.0100482 0.013789
v -0.0280174 0.0100482 0.009282
v -0.0253125 0.0100482 0.00535949
v -0.0248442 0.0100482 0.0059718
v -0.0272785 0.0100482 0.00950199
v -0.0253125 0.0100482 0.00535949
v -0.0208186 0.0100482 0.00377589
v -0.0207996 0.0100482 0.00454649
v -0.0248442 0.0100482 0.0059718
v -0.0208186 0.0100482 0.00377589
v -0.0162522 0.0100482 0.00513609
v -0.0166898 0.0100482 0.00577099
v -0.0207996 0.0100482 0.00454649
v -0.0162522 0.0100482 0.00513609
v -0.0133574 0.0100482 0.0089208
v -0.0140845 0.0100482 0.0091771
v -0.0166898 0.0100482 0.00577099
v -0.0133574 0.0100482 0.0089208
v -0.0132401 0.0100482 0.0136841
v -0.0139789 0.0100482 0.0134641
v -0.0140845 0.0100482 0.0091771
v -0.0139789 0.0100482 0.0134641
v -0.0164133 0.0100482 0.0169943
v -0.0166475 -0.0100486 0.0166882
v -0.0143484 -0.0100486 0.0133539
v -0.0164133 0.0100482 0.0169943
v -0.0204579 0.0100482 0.0184196
v -0.0204674 -0.0100486 0.0180341
v -0.0166475 -0.0100486 0.0166882
v -0.0204579 0.0100482 0.0184196
v -0.0245677 0.0100482 0.0171953
v -0.0243488 -0.0100486 0.016878
v -0.0204674 -0.0100486 0.0180341
v -0.0245677 0.0100482 0.0171953
v -0.0271729 0.0100482 0.013789
v -0.0268094 -0.0100486 0.013661
v -0.0243488 -0.0100486 0.016878
v -0.0271729 0.0100482 0.013789
v -0.0272785 0.0100482 0.00950199
v -0.0269091 -0.0100486 0.0096122
v -0.0268094 -0.0100486 0.013661
v -0.0272785 0.0100482 0.00950199
v -0.0248442 0.0100482 0.0059718
v -0.0246099 -0.0100486 0.0062779
v -0.0269091 -0.0100486 0.0096122
v -0.0248442 0.0100482 0.0059718
v -0.0207996 0.0100482 0.00454649
v -0.0207901 -0.0100486 0.00493199
v -0.0246099 -0.0100486 0.0062779
v -0.0207996 0.0100482 0.00454649
v -0.0166898 0.0100482 0.00577099
v -0.0169086 -0.0100486 0.0060881
v -0.0207901 -0.0100486 0.00493199
v -0.0166898 0.0100482 0.00577099
v -0.0140845 0.0100482 0.0091771
v -0.0144481 -0.0100486 0.0093051
v -0.0169086 -0.0100486 0.0060881
v -0.0140845 0.0100482 0.0091771
v -0.0139789 0.0100482 0.0134641
v -0.0143484 -0.0100486 0.0133539
v -0.0144481 -0.0100486 0.0093051
v -0.0143484 -0.0100486 0.0133539
v -0.0166475 -0.0100486 0.0166882
v -0.0204674 -0.0100486 0.0180341
v -0.0243488 -0.0100486 0.016878
v -0.0268094 -0.0100486 0.013661
v -0.0269091 -0.0100486 0.0096122
v -0.0246099 -0.0100486 0.0062779
v -0.0207901 -0.0100486 0.00493199
v -0.0169086 -0.0100486 0.0060881
v -0.0144481 -0.0100486 0.0093051
v 0.00696711 -0.00503253 0.0225299
v 0.00375022 -0.00503253 0.0249904
v 0.00375022 -0.0100482 0.0249904
v 0.00696711 -0.0100482 0.0225299
v 0.00375022 -0.00503253 0.0249904
v 0.00259392 -0.00503253 0.0288719
v 0.00259392 -0.0100482 0.0288719
v 0.00375022 -0.0100482 0.0249904
v 0.00259392 -0.00503253 0.0288719
v 0.00393982 -0.00503253 0.0326916
v 0.00393991 -0.0100482 0.0326916
v 0.00259392 -0.0100482 0.0288719
v 0.00393982 -0.00503253 0.0326916
v 0.00727402 -0.00503253 0.0349909
v 0.00727402 -0.0100482 0.0349909
v 0.00393991 -0.0100482 0.0326916
v 0.00727402 -0.00503253 0.0349909
v 0.0113229 -0.00503253 0.034891
v 0.0113229 -0.0100482 0.034891
v 0.00727402 -0.0100482 0.0349909
v 0.0113229 -0.00503253 0.034891
v 0.0145398 -0.00503253 0.0324305
v 0.0145398 -0.0100482 0.0324305
v 0.0113229 -0.0100482 0.034891
v 0.0145398 -0.00503253 0.0324305
v 0.0156961 -0.00503253 0.0285491
v 0.0156961 -0.0100482 0.0285491
v 0.0145398 -0.0100482 0.0324305
v 0.0156961 -0.00503253 0.0285491
v 0.0143501 -0.00503253 0.0247294
v 0.0143501 -0.0100482 0.0247294
v 0.0156961 -0.0100482 0.0285491
v 0.0143501 -0.00503253 0.0247294
v 0.0110159 -0.00503253 0.02243
v 0.0110159 -0.0100482 0.02243
v 0.0143501 -0.0100482 0.0247294
v 0.0110159 -0.00503253 0.02243
v 0.00696711 -0.00503253 0.0225299
v 0.00696711 -0.0100482 0.0225299
v 0.0110159 -0.0100482 0.02243
v 0.00696711 -0.0100482 0.0225299
v 0.00375022 -0.0100482 0.0249904
v 0.00259392 -0.0100482 0.0288719
v 0.00393991 -0.0100482 0.0326916
v 0.00727402 -0.0100482 0.0349909
v 0.0113229 -0.0100482 0.034891
v 0.0145398 -0.0100482 0.0324305
v 0.0156961 -0.0100482 0.0285491
v 0.0143501 -0.0100482 0.0247294
v 0.0110159 -0.0100482 0.02243
v 0.011346 0.00927758 0.0213219
v 0.0152686 0.00927758 0.0240267
v 0.0152686 0.0100486 0.0240267
v 0.011346 0.0100486 0.0213219
v 0.0110159 -0.00503253 0.02243
v 0.0143501 -0.00503253 0.0247294
v 0.0152686 0.00927758 0.0240267
v 0.011346 0.00927758 0.0213219
v 0.0143501 -0.00503253 0.0247294
v 0.0156961 -0.00503253 0.0285491
v 0.0168521 0.00927758 0.0285207
v 0.0152686 0.00927758 0.0240267
v 0.0156961 -0.00503253 0.0285491
v 0.0145398 -0.00503253 0.0324305
v 0.0154918 0.00927758 0.0330871
v 0.0168521 0.00927758 0.0285207
v 0.0145398 -0.00503253 0.0324305
v 0.0113229 -0.00503253 0.034891
v 0.0117072 0.00927758 0.0359818
v 0.0154918 0.00927758 0.0330871
v 0.0113229 -0.00503253 0.034891
v 0.00727402 -0.00503253 0.0349909
v 0.0069439 0.00927758 0.0360991
v 0.0117072 0.00927758 0.0359818
v 0.00727402 -0.00503253 0.0349909
v 0.00393982 -0.00503253 0.0326916
v 0.00302131 0.00927758 0.0333942
v 0.0069439 0.00927758 0.0360991
v 0.00393982 -0.00503253 0.0326916
v 0.00259392 -0.00503253 0.0288719
v 0.0014378 0.00927758 0.0289003
v 0.00302131 0.00927758 0.0333942
v 0.00259392 -0.00503253 0.0288719
v 0.00375022 -0.00503253 0.0249904
v 0.0027981 0.00927758 0.0243338
v 0.0014378 0.00927758 0.0289003
v 0.00375022 -0.00503253 0.0249904
v 0.00696711 -0.00503253 0.0225299
v 0.00658272 0.00927758 0.0214392
v 0.0027981 0.00927758 0.0243338
v 0.00696711 -0.00503253 0.0225299
v 0.0110159 -0.00503253 0.02243
v 0.011346 0.00927758 0.0213219
v 0.00658272 0.00927758 0.0214392
v 0.0152686 0.00927758 0.0240267
v 0.0168521 0.00927758 0.0285207
v 0.0168521 0.0100486 0.0285207
v 0.0152686 0.0100486 0.0240267
v 0.0168521 0.00927758 0.0285207
v 0.0154918 0.00927758 0.0330871
v 0.0154918 0.0100486 0.0330871
v 0.0168521 0.0100486 0.0285207
v 0.0154918 0.00927758 0.0330871
v 0.0117072 0.00927758 0.0359818
v 0.0117072 0.0100486 0.0359818
v 0.0154918 0.0100486 0.0330871
v 0.0117072 0.00927758 0.0359818
v 0.0069439 0.00927758 0.0360991
v 0.0069439 0.0100486 0.0360991
v 0.0117072 0.0100486 0.0359818
v 0.0069439 0.00927758 0.0360991
v 0.00302131 0.00927758 0.0333942
v 0.00302131 0.0100486 0.0333942
v 0.0069439 0.0100486 0.0360991
v 0.00302131 0.00927758 0.0333942
v 0.0014378 0.00927758 0.0289003
v 0.0014378 0.0100486 0.0289003
v 0.00302131 0.0100486 0.0333942
v 0.0014378 0.00927758 0.0289003
v 0.0027981 0.00927758 0.0243338
v 0.0027981 0.0100486 0.0243338
v 0.0014378 0.0100486 0.0289003
v 0.0027981 0.00927758 0.0243338
v 0.00658272 0.00927758 0.0214392
v 0.00658272 0.0100486 0.0214392
v 0.0027981 0.0100486 0.0243338
v 0.00658272 0.00927758 0.0214392
v 0.011346 0.00927758 0.0213219
v 0.011346 0.0100486 0.0213219
v 0.00658272 0.0100486 0.0214392
v 0.011346 0.0100486 0.0213219
v 0.0152686 0.0100486 0.0240267
v 0.0146563 0.0100486 0.024495
v 0.011126 0.0100486 0.0220607
v 0.0152686 0.0100486 0.0240267
v 0.0168521 0.0100486 0.0285207
v 0.0160814 0.0100486 0.0285395
v 0.0146563 0.0100486 0.024495
v 0.0168521 0.0100486 0.0285207
v 0.0154918 0.0100486 0.0330871
v 0.0148571 0.0100486 0.0326494
v 0.0160814 0.0100486 0.0285395
v 0.0154918 0.0100486 0.0330871
v 0.0117072 0.0100486 0.0359818
v 0.011451 0.0100486 0.0352546
v 0.0148571 0.0100486 0.0326494
v 0.0117072 0.0100486 0.0359818
v 0.0069439 0.0100486 0.0360991
v 0.00716402 0.0100486 0.0353602
v 0.011451 0.0100486 0.0352546
v 0.0069439 0.0100486 0.0360991
v 0.00302131 0.0100486 0.0333942
v 0.00363372 0.0100486 0.0329259
v 0.00716402 0.0100486 0.0353602
v 0.00302131 0.0100486 0.0333942
v 0.0014378 0.0100486 0.0289003
v 0.00220852 0.0100486 0.0288814
v 0.00363372 0.0100486 0.0329259
v 0.0014378 0.0100486 0.0289003
v 0.0027981 0.0100486 0.0243338
v 0.0034328 0.0100486 0.0247716
v 0.00220852 0.0100486 0.0288814
v 0.0027981 0.0100486 0.0243338
v 0.00658272 0.0100486 0.0214392
v 0.00683902 0.0100486 0.0221664
v 0.0034328 0.0100486 0.0247716
v 0.00658272 0.0100486 0.0214392
v 0.011346 0.0100486 0.0213219
v 0.011126 0.0100486 0.0220607
v 0.00683902 0.0100486 0.0221664
v 0.011126 0.0100486 0.0220607
v 0.0146563 0.0100486 0.024495
v 0.0143501 -0.0100482 0.0247294
v 0.0110159 -0.0100482 0.02243
v 0.0146563 0.0100486 0.024495
v 0.0160814 0.0100486 0.0285395
v 0.0156961 -0.0100482 0.0285491
v 0.0143501 -0.0100482 0.0247294
v 0.0160814 0.0100486 0.0285395
v 0.0148571 0.0100486 0.0326494
v 0.0145398 -0.0100482 0.0324305
v 0.0156961 -0.0100482 0.0285491
v 0.0148571 0.0100486 0.0326494
v 0.011451 0.0100486 0.0352546
v 0.0113229 -0.0100482 0.034891
v 0.0145398 -0.0100482 0.0324305
v 0.011451 0.0100486 0.0352546
v 0.00716402 0.0100486 0.0353602
v 0.00727402 -0.0100482 0.0349909
v 0.0113229 -0.0100482 0.034891
v 0.00716402 0.0100486 0.0353602
v 0.00363372 0.0100486 0.0329259
v 0.00393991 -0.0100482 0.0326916
v 0.00727402 -0.0100482 0.0349909
v 0.00363372 0.0100486 0.0329259
v 0.00220852 0.0100486 0.0288814
v 0.00259392 -0.0100482 0.0288719
v 0.00393991 -0.0100482 0.0326916
v 0.00220852 0.0100486 0.0288814
v 0.0034328 0.0100486 0.0247716
v 0.00375022 -0.0100482 0.0249904
v 0.00259392 -0.0100482 0.0288719
v 0.0034328 0.0100486 0.0247716
v 0.00683902 0.0100486 0.0221664
v 0.00696711 -0.0100482 0.0225299
v 0.00375022 -0.0100482 0.0249904
v 0.00683902 0.0100486 0.0221664
v 0.011126 0.0100486 0.0220607
v 0.0110159 -0.0100482 0.02243
v 0.00696711 -0.0100482 0.0225299
v 0.0110159 -0.0100482 0.02243
v 0.0143501 -0.0100482 0.0247294
v 0.0156961 -0.0100482 0.0285491
v 0.0145398 -0.0100482 0.0324305
v 0.0113229 -0.0100482 0.034891
v 0.00727402 -0.0100482 0.0349909
v 0.00393991 -0.0100482 0.0326916
v 0.00259392 -0.0100482 0.0288719
v 0.00375022 -0.0100482 0.0249904
v 0.00696711 -0.0100482 0.0225299
v -0.00451709 -0.00503253 0.0027419
v -0.00773399 -0.00503253 0.00520239
v -0.00773399 -0.0100482 0.00520239
v -0.00451709 -0.0100482 0.0027419
v -0.00773399 -0.00503253 0.00520239
v -0.00889029 -0.00503253 0.00908389
v -0.00889029 -0.0100482 0.00908389
v -0.00773399 -0.0100482 0.00520239
v -0.00889029 -0.00503253 0.00908389
v -0.00754429 -0.00503253 0.0129036
v -0.00754429 -0.0100482 0.0129036
v -0.00889029 -0.0100482 0.00908389
v -0.00754429 -0.00503253 0.0129036
v -0.0042101 -0.00503253 0.0152029
v -0.0042101 -0.0100482 0.0152029
v -0.00754429 -0.0100482 0.0129036
v -0.0042101 -0.00503253 0.0152029
v -0.000161305 -0.00503253 0.015103
v -0.000161305 -0.0100482 0.015103
v -0.0042101 -0.0100482 0.0152029
v -0.000161305 -0.00503253 0.015103
v 0.00305562 -0.00503253 0.0126425
v 0.00305562 -0.0100482 0.0126425
v -0.000161305 -0.0100482 0.015103
v 0.00305562 -0.00503253 0.0126425
v 0.00421192 -0.00503253 0.008761
v 0.00421192 -0.0100482 0.008761
v 0.00305562 -0.0100482 0.0126425
v 0.00421192 -0.00503253 0.008761
v 0.0028659 -0.00503253 0.00494129
v 0.0028659 -0.0100482 0.00494129
v 0.00421192 -0.0100482 0.008761
v 0.0028659 -0.00503253 0.00494129
v -0.00046818 -0.00503253 0.002642
v -0.00046818 -0.0100482 0.002642
v 0.0028659 -0.0100482 0.00494129
v -0.00046818 -0.00503253 0.002642
v -0.00451709 -0.00503253 0.0027419
v -0.00451709 -0.0100482 0.0027419
v -0.00046818 -0.0100482 0.002642
v -0.00451709 -0.0100482 0.0027419
v -0.00773399 -0.0100482 0.00520239
v -0.00889029 -0.0100482 0.00908389
v -0.00754429 -0.0100482 0.0129036
v -0.0042101 -0.0100482 0.0152029
v -0.000161305 -0.0100482 0.015103
v 0.00305562 -0.0100482 0.0126425
v 0.00421192 -0.0100482 0.008761
v 0.0028659 -0.0100482 0.00494129
v -0.00046818 -0.0100482 0.002642
v -0.000138089 0.00927758 0.00153389
v 0.00378452 0.00927758 0.00423869
v 0.00378452 0.0100486 0.00423869
v -0.000138089 0.0100486 0.00153389
v -0.00046818 -0.00503253 0.002642
v 0.0028659 -0.00503253 0.00494129
v 0.00378452 0.00927758 0.00423869
v -0.000138089 0.00927758 0.00153389
v 0.0028659 -0.00503253 0.00494129
v 0.00421192 -0.00503253 0.008761
v 0.00536801 0.00927758 0.0087327
v 0.00378452 0.00927758 0.00423869
v 0.00421192 -0.00503253 0.008761
v 0.00305562 -0.00503253 0.0126425
v 0.00400762 0.00927758 0.0132991
v 0.00536801 0.00927758 0.0087327
v 0.00305562 -0.00503253 0.0126425
v -0.000161305 -0.00503253 0.015103
v 0.000222996 0.00927758 0.0161937
v 0.00400762 0.00927758 0.0132991
v -0.000161305 -0.00503253 0.015103
v -0.0042101 -0.00503253 0.0152029
v -0.00454028 0.00927758 0.016311
v 0.000222996 0.00927758 0.0161937
v -0.0042101 -0.00503253 0.0152029
v -0.00754429 -0.00503253 0.0129036
v -0.00846289 0.00927758 0.0136062
v -0.00454028 0.00927758 0.016311
v -0.00754429 -0.00503253 0.0129036
v -0.00889029 -0.00503253 0.00908389
v -0.0100464 0.00927758 0.00911219
v -0.00846289 0.00927758 0.0136062
v -0.00889029 -0.00503253 0.00908389
v -0.00773399 -0.00503253 0.00520239
v -0.00868608 0.00927758 0.0045458
v -0.0100464 0.00927758 0.00911219
v -0.00773399 -0.00503253 0.00520239
v -0.00451709 -0.00503253 0.0027419
v -0.00490139 0.00927758 0.00165119
v -0.00868608 0.00927758 0.0045458
v -0.00451709 -0.00503253 0.0027419
v -0.00046818 -0.00503253 0.002642
v -0.000138089 0.00927758 0.00153389
v -0.00490139 0.00927758 0.00165119
v 0.00378452 0.00927758 0.00423869
v 0.00536801 0.00927758 0.0087327
v 0.00536801 0.0100486 0.0087327
v 0.00378452 0.0100486 0.00423869
v 0.00536801 0.00927758 0.0087327
v 0.00400762 0.00927758 0.0132991
v 0.00400762 0.0100486 0.0132991
v 0.00536801 0.0100486 0.0087327
v 0.00400762 0.00927758 0.0132991
v 0.000222996 0.00927758 0.0161937
v 0.000222996 0.0100486 0.0161937
v 0.00400762 0.0100486 0.0132991
v 0.000222996 0.00927758 0.0161937
v -0.00454028 0.00927758 0.016311
v -0.00454028 0.0100486 0.016311
v 0.000222996 0.0100486 0.0161937
v -0.00454028 0.00927758 0.016311
v -0.00846289 0.00927758 0.0136062
v -0.00846289 0.0100486 0.0136062
v -0.00454028 0.0100486 0.016311
v -0.00846289 0.00927758 0.0136062
v -0.0100464 0.00927758 0.00911219
v -0.0100464 0.0100486 0.00911219
v -0.00846289 0.0100486 0.0136062
v -0.0100464 0.00927758 0.00911219
v -0.00868608 0.00927758 0.0045458
v -0.00868608 0.0100486 0.0045458
v -0.0100464 0.0100486 0.00911219
v -0.00868608 0.00927758 0.0045458
v -0.00490139 0.00927758 0.00165119
v -0.00490139 0.0100486 0.00165119
v -0.00868608 0.0100486 0.0045458
v -0.00490139 0.00927758 0.00165119
v -0.000138089 0.00927758 0.00153389
v -0.000138089 0.0100486 0.00153389
v -0.00490139 0.0100486 0.00165119
v -0.000138089 0.0100486 0.00153389
v 0.00378452 0.0100486 0.00423869
v 0.00317211 0.0100486 0.00470699
v -0.000358179 0.0100486 0.00227269
v 0.00378452 0.0100486 0.00423869
v 0.00536801 0.0100486 0.0087327
v 0.00459732 0.0100486 0.00875149
v 0.00317211 0.0100486 0.00470699
v 0.00536801 0.0100486 0.0087327
v 0.00400762 0.0100486 0.0132991
v 0.00337301 0.0100486 0.0128614
v 0.00459732 0.0100486 0.00875149
v 0.00400762 0.0100486 0.0132991
v 0.000222996 0.0100486 0.0161937
v -3.31849e-005 0.0100486 0.0154666
v 0.00337301 0.0100486 0.0128614
v 0.000222996 0.0100486 0.0161937
v -0.00454028 0.0100486 0.016311
v -0.00432019 0.0100486 0.0155722
v -3.31849e-005 0.0100486 0.0154666
v -0.00454028 0.0100486 0.016311
v -0.00846289 0.0100486 0.0136062
v -0.00785048 0.0100486 0.0131379
v -0.00432019 0.0100486 0.0155722
v -0.00846289 0.0100486 0.0136062
v -0.0100464 0.0100486 0.00911219
v -0.00927569 0.0100486 0.0090934
v -0.00785048 0.0100486 0.0131379
v -0.0100464 0.0100486 0.00911219
v -0.00868608 0.0100486 0.0045458
v -0.00805138 0.0100486 0.00498349
v -0.00927569 0.0100486 0.0090934
v -0.00868608 0.0100486 0.0045458
v -0.00490139 0.0100486 0.00165119
v -0.00464518 0.0100486 0.00237829
v -0.00805138 0.0100486 0.00498349
v -0.00490139 0.0100486 0.00165119
v -0.000138089 0.0100486 0.00153389
v -0.000358179 0.0100486 0.00227269
v -0.00464518 0.0100486 0.00237829
v -0.000358179 0.0100486 0.00227269
v 0.00317211 0.0100486 0.00470699
v 0.0028659 -0.0100482 0.00494129
v -0.00046818 -0.0100482 0.002642
v 0.00317211 0.0100486 0.00470699
v 0.00459732 0.0100486 0.00875149
v 0.00421192 -0.0100482 0.008761
v 0.0028659 -0.0100482 0.00494129
v 0.00459732 0.0100486 0.00875149
v 0.00337301 0.0100486 0.0128614
v 0.00305562 -0.0100482 0.0126425
v 0.00421192 -0.0100482 0.008761
v 0.00337301 0.0100486 0.0128614
v -3.31849e-005 0.0100486 0.0154666
v -0.000161305 -0.0100482 0.015103
v 0.00305562 -0.0100482 0.0126425
v -3.31849e-005 0.0100486 0.0154666
v -0.00432019 0.0100486 0.0155722
v -0.0042101 -0.0100482 0.0152029
v -0.000161305 -0.0100482 0.015103
v -0.00432019 0.0100486 0.0155722
v -0.00785048 0.0100486 0.0131379
v -0.00754429 -0.0100482 0.0129036
v -0.0042101 -0.0100482 0.0152029
v -0.00785048 0.0100486 0.0131379
v -0.00927569 0.0100486 0.0090934
v -0.00889029 -0.0100482 0.00908389
v -0.00754429 -0.0100482 0.0129036
v -0.00927569 0.0100486 0.0090934
v -0.00805138 0.0100486 0.00498349
v -0.00773399 -0.0100482 0.00520239
v -0.00889029 -0.0100482 0.00908389
v -0.00805138 0.0100486 0.00498349
v -0.00464518 0.0100486 0.00237829
v -0.00451709 -0.0100482 0.0027419
v -0.00773399 -0.0100482 0.00520239
v -0.00464518 0.0100486 0.00237829
v -0.000358179 0.0100486 0.00227269
v -0.00046818 -0.0100482 0.002642
v -0.00451709 -0.0100482 0.0027419
v -0.00046818 -0.0100482 0.002642
v 0.0028659 -0.0100482 0.00494129
v 0.00421192 -0.0100482 0.008761
v 0.00305562 -0.0100482 0.0126425
v -0.000161305 -0.0100482 0.015103
v -0.0042101 -0.0100482 0.0152029
v -0.00754429 -0.0100482 0.0129036
v -0.00889029 -0.0100482 0.00908389
v -0.00773399 -0.0100482 0.00520239
v -0.00451709 -0.0100482 0.0027419
v 0.0155802 -0.00503253 0.0027419
v 0.0123633 -0.00503253 0.00520239
v 0.0123633 -0.0100482 0.00520239
v 0.0155802 -0.0100482 0.0027419
v 0.0123633 -0.00503253 0.00520239
v 0.011207 -0.00503253 0.00908389
v 0.011207 -0.0100482 0.00908389
v 0.0123633 -0.0100482 0.00520239
v 0.011207 -0.00503253 0.00908389
v 0.012553 -0.00503253 0.0129036
v 0.012553 -0.0100482 0.0129036
v 0.011207 -0.0100482 0.00908389
v 0.012553 -0.00503253 0.0129036
v 0.0158871 -0.00503253 0.0152029
v 0.0158871 -0.0100482 0.0152029
v 0.012553 -0.0100482 0.0129036
v 0.0158871 -0.00503253 0.0152029
v 0.019936 -0.00503253 0.015103
v 0.019936 -0.0100482 0.015103
v 0.0158871 -0.0100482 0.0152029
v 0.019936 -0.00503253 0.015103
v 0.0231529 -0.00503253 0.0126425
v 0.0231529 -0.0100482 0.0126425
v 0.019936 -0.0100482 0.015103
v 0.0231529 -0.00503253 0.0126425
v 0.0243092 -0.00503253 0.008761
v 0.0243092 -0.0100482 0.008761
v 0.0231529 -0.0100482 0.0126425
v 0.0243092 -0.00503253 0.008761
v 0.0229632 -0.00503253 0.00494129
v 0.0229632 -0.0100482 0.00494129
v 0.0243092 -0.0100482 0.008761
v 0.0229632 -0.00503253 0.00494129
v 0.019629 -0.00503253 0.002642
v 0.019629 -0.0100482 0.002642
v 0.0229632 -0.0100482 0.00494129
v 0.019629 -0.00503253 0.002642
v 0.0155802 -0.00503253 0.0027419
v 0.0155802 -0.0100482 0.0027419
v 0.019629 -0.0100482 0.002642
v 0.0155802 -0.0100482 0.0027419
v 0.0123633 -0.0100482 0.00520239
v 0.011207 -0.0100482 0.00908389
v 0.012553 -0.0100482 0.0129036
v 0.0158871 -0.0100482 0.0152029
v 0.019936 -0.0100482 0.015103
v 0.0231529 -0.0100482 0.0126425
v 0.0243092 -0.0100482 0.008761
v 0.0229632 -0.0100482 0.00494129
v 0.019629 -0.0100482 0.002642
v 0.0199592 0.00927758 0.00153389
v 0.0238817 0.00927758 0.00423869
v 0.0238817 0.0100486 0.00423869
v 0.0199592 0.0100486 0.00153389
v 0.019629 -0.00503253 0.002642
v 0.0229632 -0.00503253 0.00494129
v 0.0238817 0.00927758 0.00423869
v 0.0199592 0.00927758 0.00153389
v 0.0229632 -0.00503253 0.00494129
v 0.0243092 -0.00503253 0.008761
v 0.0254653 0.00927758 0.0087327
v 0.0238817 0.00927758 0.00423869
v 0.0243092 -0.00503253 0.008761
v 0.0231529 -0.00503253 0.0126425
v 0.0241049 0.00927758 0.0132991
v 0.0254653 0.00927758 0.0087327
v 0.0231529 -0.00503253 0.0126425
v 0.019936 -0.00503253 0.015103
v 0.0203203 0.00927758 0.0161937
v 0.0241049 0.00927758 0.0132991
v 0.019936 -0.00503253 0.015103
v 0.0158871 -0.00503253 0.0152029
v 0.015557 0.00927758 0.016311
v 0.0203203 0.00927758 0.0161937
v 0.0158871 -0.00503253 0.0152029
v 0.012553 -0.00503253 0.0129036
v 0.0116344 0.00927758 0.0136062
v 0.015557 0.00927758 0.016311
v 0.012553 -0.00503253 0.0129036
v 0.011207 -0.00503253 0.00908389
v 0.0100509 0.00927758 0.00911219
v 0.0116344 0.00927758 0.0136062
v 0.011207 -0.00503253 0.00908389
v 0.0123633 -0.00503253 0.00520239
v 0.0114112 0.00927758 0.0045458
v 0.0100509 0.00927758 0.00911219
v 0.0123633 -0.00503253 0.00520239
v 0.0155802 -0.00503253 0.0027419
v 0.0151958 0.00927758 0.00165119
v 0.0114112 0.00927758 0.0045458
v 0.0155802 -0.00503253 0.0027419
v 0.019629 -0.00503253 0.002642
v 0.0199592 0.00927758 0.00153389
v 0.0151958 0.00927758 0.00165119
v 0.0238817 0.00927758 0.00423869
v 0.0254653 0.00927758 0.0087327
v 0.0254653 0.0100486 0.0087327
v 0.0238817 0.0100486 0.00423869
v 0.0254653 0.00927758 0.0087327
v 0.0241049 0.00927758 0.0132991
v 0.0241049 0.0100486 0.0132991
v 0.0254653 0.0100486 0.0087327
v 0.0241049 0.00927758 0.0132991
v 0.0203203 0.00927758 0.0161937
v 0.0203203 0.0100486 0.0161937
v 0.0241049 0.0100486 0.0132991
v 0.0203203 0.00927758 0.0161937
v 0.015557 0.00927758 0.016311
v 0.015557 0.0100486 0.016311
v 0.0203203 0.0100486 0.0161937
v 0.015557 0.00927758 0.016311
v 0.0116344 0.00927758 0.0136062
v 0.0116344 0.0100486 0.0136062
v 0.015557 0.0100486 0.016311
v 0.0116344 0.00927758 0.0136062
v 0.0100509 0.00927758 0.00911219
v 0.0100509 0.0100486 0.00911219
v 0.0116344 0.0100486 0.0136062
v 0.0100509 0.00927758 0.00911219
v 0.0114112 0.00927758 0.0045458
v 0.0114112 0.0100486 0.0045458
v 0.0100509 0.0100486 0.00911219
v 0.0114112 0.00927758 0.0045458
v 0.0151958 0.00927758 0.00165119
v 0.0151958 0.0100486 0.00165119
v 0.0114112 0.0100486 0.0045458
v 0.0151958 0.00927758 0.00165119
v 0.0199592 0.00927758 0.00153389
v 0.0199592 0.0100486 0.00153389
v 0.0151958 0.0100486 0.00165119
v 0.0199592 0.0100486 0.00153389
v 0.0238817 0.0100486 0.00423869
v 0.0232694 0.0100486 0.00470699
v 0.0197391 0.0100486 0.00227269
v 0.0238817 0.0100486 0.00423869
v 0.0254653 0.0100486 0.0087327
v 0.0246945 0.0100486 0.00875149
v 0.0232694 0.0100486 0.00470699
v 0.0254653 0.0100486 0.0087327
v 0.0241049 0.0100486 0.0132991
v 0.0234702 0.0100486 0.0128614
v 0.0246945 0.0100486 0.00875149
v 0.0241049 0.0100486 0.0132991
v 0.0203203 0.0100486 0.0161937
v 0.0200641 0.0100486 0.0154666
v 0.0234702 0.0100486 0.0128614
v 0.0203203 0.0100486 0.0161937
v 0.015557 0.0100486 0.016311
v 0.0157771 0.0100486 0.0155722
v 0.0200641 0.0100486 0.0154666
v 0.015557 0.0100486 0.016311
v 0.0116344 0.0100486 0.0136062
v 0.0122468 0.0100486 0.0131379
v 0.0157771 0.0100486 0.0155722
v 0.0116344 0.0100486 0.0136062
v 0.0100509 0.0100486 0.00911219
v 0.0108216 0.0100486 0.0090934
v 0.0122468 0.0100486 0.0131379
v 0.0100509 0.0100486 0.00911219
v 0.0114112 0.0100486 0.0045458
v 0.0120459 0.0100486 0.00498349
v 0.0108216 0.0100486 0.0090934
v 0.0114112 0.0100486 0.0045458
v 0.0151958 0.0100486 0.00165119
v 0.0154521 0.0100486 0.00237829
v 0.0120459 0.0100486 0.00498349
v 0.0151958 0.0100486 0.00165119
v 0.0199592 0.0100486 0.00153389
v 0.0197391 0.0100486 0.00227269
v 0.0154521 0.0100486 0.00237829
v 0.0197391 0.0100486 0.00227269
v 0.0232694 0.0100486 0.00470699
v 0.0229632 -0.0100482 0.00494129
v 0.019629 -0.0100482 0.002642
v 0.0232694 0.0100486 0.00470699
v 0.0246945 0.0100486 0.00875149
v 0.0243092 -0.0100482 0.008761
v 0.0229632 -0.0100482 0.00494129
v 0.0246945 0.0100486 0.00875149
v 0.0234702 0.0100486 0.0128614
v 0.0231529 -0.0100482 0.0126425
v 0.0243092 -0.0100482 0.008761
v 0.0234702 0.0100486 0.0128614
v 0.0200641 0.0100486 0.0154666
v 0.019936 -0.0100482 0.015103
v 0.0231529 -0.0100482 0.0126425
v 0.0200641 0.0100486 0.0154666
v 0.0157771 0.0100486 0.0155722
v 0.0158871 -0.0100482 0.0152029
v 0.019936 -0.0100482 0.015103
v 0.0157771 0.0100486 0.0155722
v 0.0122468 0.0100486 0.0131379
v 0.012553 -0.0100482 0.0129036
v 0.0158871 -0.0100482 0.0152029
v 0.0122468 0.0100486 0.0131379
v 0.0108216 0.0100486 0.0090934
v 0.011207 -0.0100482 0.00908389
v 0.012553 -0.0100482 0.0129036
v 0.0108216 0.0100486 0.0090934
v 0.0120459 0.0100486 0.00498349
v 0.0123633 -0.0100482 0.00520239
v 0.011207 -0.0100482 0.00908389
v 0.0120459 0.0100486 0.00498349
v 0.0154521 0.0100486 0.00237829
v 0.0155802 -0.0100482 0.0027419
v 0.0123633 -0.0100482 0.00520239
v 0.0154521 0.0100486 0.00237829
v 0.0197391 0.0100486 0.00227269
v 0.019629 -0.0100482 0.002642
v 0.0155802 -0.0100482 0.0027419
v 0.019629 -0.0100482 0.002642
v 0.0229632 -0.0100482 0.00494129
v 0.0243092 -0.0100482 0.008761
v 0.0231529 -0.0100482 0.0126425
v 0.019936 -0.0100482 0.015103
v 0.0158871 -0.0100482 0.0152029
v 0.012553 -0.0100482 0.0129036
v 0.011207 -0.0100482 0.00908389
v 0.0123633 -0.0100482 0.00520239
v 0.0155802 -0.0100482 0.0027419
v 0.00590281 -0.00503253 -0.0173563
v 0.00268592 -0.00503253 -0.0148958
v 0.00268592 -0.0100482 -0.0148958
v 0.00590281 -0.0100482 -0.0173563
v 0.00268592 -0.00503253 -0.0148958
v 0.00152962 -0.00503253 -0.0110144
v 0.00152962 -0.0100482 -0.0110144
v 0.00268592 -0.0100482 -0.0148958
v 0.00152962 -0.00503253 -0.0110144
v 0.00287552 -0.00503253 -0.00719471
v 0.00287561 -0.0100482 -0.00719471
v 0.00152962 -0.0100482 -0.0110144
v 0.00287552 -0.00503253 -0.00719471
v 0.00620972 -0.00503253 -0.00489531
v 0.00620972 -0.0100482 -0.00489531
v 0.00287561 -0.0100482 -0.00719471
v 0.00620972 -0.00503253 -0.00489531
v 0.0102586 -0.00503253 -0.0049952
v 0.0102586 -0.0100482 -0.0049952
v 0.00620972 -0.0100482 -0.00489531
v 0.0102586 -0.00503253 -0.0049952
v 0.0134755 -0.00503253 -0.00745571
v 0.0134755 -0.0100482 -0.00745571
v 0.0102586 -0.0100482 -0.0049952
v 0.0134755 -0.00503253 -0.00745571
v 0.0146318 -0.00503253 -0.0113372
v 0.0146318 -0.0100482 -0.0113372
v 0.0134755 -0.0100482 -0.00745571
v 0.0146318 -0.00503253 -0.0113372
v 0.0132858 -0.00503253 -0.0151569
v 0.0132858 -0.0100482 -0.0151569
v 0.0146318 -0.0100482 -0.0113372
v 0.0132858 -0.00503253 -0.0151569
v 0.00995161 -0.00503253 -0.0174562
v 0.00995161 -0.0100482 -0.0174562
v 0.0132858 -0.0100482 -0.0151569
v 0.00995161 -0.00503253 -0.0174562
v 0.00590281 -0.00503253 -0.0173563
v 0.00590281 -0.0100482 -0.0173563
v 0.00995161 -0.0100482 -0.0174562
v 0.00590281 -0.0100482 -0.0173563
v 0.00268592 -0.0100482 -0.0148958
v 0.00152962 -0.0100482 -0.0110144
v 0.00287561 -0.0100482 -0.00719471
v 0.00620972 -0.0100482 -0.00489531
v 0.0102586 -0.0100482 -0.0049952
v 0.0134755 -0.0100482 -0.00745571
v 0.0146318 -0.0100482 -0.0113372
v 0.0132858 -0.0100482 -0.0151569
v 0.00995161 -0.0100482 -0.0174562
v 0.0102817 0.00927758 -0.0185644
v 0.0142043 0.00927758 -0.0158595
v 0.0142043 0.0100486 -0.0158595
v 0.0102817 0.0100486 -0.0185644
v 0.00995161 -0.00503253 -0.0174562
v 0.0132858 -0.00503253 -0.0151569
v 0.0142043 0.00927758 -0.0158595
v 0.0102817 0.00927758 -0.0185644
v 0.0132858 -0.00503253 -0.0151569
v 0.0146318 -0.00503253 -0.0113372
v 0.0157878 0.00927758 -0.0113655
v 0.0142043 0.00927758 -0.0158595
v 0.0146318 -0.00503253 -0.0113372
v 0.0134755 -0.00503253 -0.00745571
v 0.0144275 0.00927758 -0.00679911
v 0.0157878 0.00927758 -0.0113655
v 0.0134755 -0.00503253 -0.00745571
v 0.0102586 -0.00503253 -0.0049952
v 0.0106429 0.00927758 -0.00390451
v 0.0144275 0.00927758 -0.00679911
v 0.0102586 -0.00503253 -0.0049952
v 0.00620972 -0.00503253 -0.00489531
v 0.0058796 0.00927758 -0.00378721
v 0.0106429 0.00927758 -0.00390451
v 0.00620972 -0.00503253 -0.00489531
v 0.00287552 -0.00503253 -0.00719471
v 0.00195701 0.00927758 -0.006492
v 0.0058796 0.00927758 -0.00378721
v 0.00287552 -0.00503253 -0.00719471
v 0.00152962 -0.00503253 -0.0110144
v 0.000373498 0.00927758 -0.010986
v 0.00195701 0.00927758 -0.006492
v 0.00152962 -0.00503253 -0.0110144
v 0.00268592 -0.00503253 -0.0148958
v 0.00173379 0.00927758 -0.0155524
v 0.000373498 0.00927758 -0.010986
v 0.00268592 -0.00503253 -0.0148958
v 0.00590281 -0.00503253 -0.0173563
v 0.00551842 0.00927758 -0.0184471
v 0.00173379 0.00927758 -0.0155524
v 0.00590281 -0.00503253 -0.0173563
v 0.00995161 -0.00503253 -0.0174562
v 0.0102817 0.00927758 -0.0185644
v 0.00551842 0.00927758 -0.0184471
v 0.0142043 0.00927758 -0.0158595
v 0.0157878 0.00927758 -0.0113655
v 0.0157878 0.0100486 -0.0113655
v 0.0142043 0.0100486 -0.0158595
v 0.0157878 0.00927758 -0.0113655
v 0.0144275 0.00927758 -0.00679911
v 0.0144275 0.0100486 -0.00679911
v 0.0157878 0.0100486 -0.0113655
v 0.0144275 0.00927758 -0.00679911
v 0.0106429 0.00927758 -0.00390451
v 0.0106429 0.0100486 -0.00390451
v 0.0144275 0.0100486 -0.00679911
v 0.0106429 0.00927758 -0.00390451
v 0.0058796 0.00927758 -0.00378721
v 0.0058796 0.0100486 -0.00378721
v 0.0106429 0.0100486 -0.00390451
v 0.0058796 0.00927758 -0.00378721
v 0.00195701 0.00927758 -0.006492
v 0.00195701 0.0100486 -0.006492
v 0.0058796 0.0100486 -0.00378721
v 0.00195701 0.00927758 -0.006492
v 0.000373498 0.00927758 -0.010986
v 0.000373498 0.0100486 -0.010986
v 0.00195701 0.0100486 -0.006492
v 0.000373498 0.00927758 -0.010986
v 0.00173379 0.00927758 -0.0155524
v 0.00173379 0.0100486 -0.0155524
v 0.000373498 0.0100486 -0.010986
v 0.00173379 0.00927758 -0.0155524
v 0.00551842 0.00927758 -0.0184471
v 0.00551842 0.0100486 -0.0184471
v 0.00173379 0.0100486 -0.0155524
v 0.00551842 0.00927758 -0.0184471
v 0.0102817 0.00927758 -0.0185644
v 0.0102817 0.0100486 -0.0185644
v 0.00551842 0.0100486 -0.0184471
v 0.0102817 0.0100486 -0.0185644
v 0.0142043 0.0100486 -0.0158595
v 0.013592 0.0100486 -0.0153912
v 0.0100617 0.0100486 -0.0178255
v 0.0142043 0.0100486 -0.0158595
v 0.0157878 0.0100486 -0.0113655
v 0.0150171 0.0100486 -0.0113467
v 0.013592 0.0100486 -0.0153912
v 0.0157878 0.0100486 -0.0113655
v 0.0144275 0.0100486 -0.00679911
v 0.0137928 0.0100486 -0.00723691
v 0.0150171 0.0100486 -0.0113467
v 0.0144275 0.0100486 -0.00679911
v 0.0106429 0.0100486 -0.00390451
v 0.0103867 0.0100486 -0.00463171
v 0.0137928 0.0100486 -0.00723691
v 0.0106429 0.0100486 -0.00390451
v 0.0058796 0.0100486 -0.00378721
v 0.00609972 0.0100486 -0.00452601
v 0.0103867 0.0100486 -0.00463171
v 0.0058796 0.0100486 -0.00378721
v 0.00195701 0.0100486 -0.006492
v 0.00256942 0.0100486 -0.00696031
v 0.00609972 0.0100486 -0.00452601
v 0.00195701 0.0100486 -0.006492
v 0.000373498 0.0100486 -0.010986
v 0.00114422 0.0100486 -0.0110048
v 0.00256942 0.0100486 -0.00696031
v 0.000373498 0.0100486 -0.010986
v 0.00173379 0.0100486 -0.0155524
v 0.00236849 0.0100486 -0.0151147
v 0.00114422 0.0100486 -0.0110048
v 0.00173379 0.0100486 -0.0155524
v 0.00551842 0.0100486 -0.0184471
v 0.00577472 0.0100486 -0.0177199
v 0.00236849 0.0100486 -0.0151147
v 0.00551842 0.0100486 -0.0184471
v 0.0102817 0.0100486 -0.0185644
v 0.0100617 0.0100486 -0.0178255
v 0.00577472 0.0100486 -0.0177199
v 0.0100617 0.0100486 -0.0178255
v 0.013592 0.0100486 -0.0153912
v 0.0132858 -0.0100482 -0.0151569
v 0.00995161 -0.0100482 -0.0174562
v 0.013592 0.0100486 -0.0153912
v 0.0150171 0.0100486 -0.0113467
v 0.0146318 -0.0100482 -0.0113372
v 0.0132858 -0.0100482 -0.0151569
v 0.0150171 0.0100486 -0.0113467
v 0.0137928 0.0100486 -0.00723691
v 0.0134755 -0.0100482 -0.00745571
v 0.0146318 -0.0100482 -0.0113372
v 0.0137928 0.0100486 -0.00723691
v 0.0103867 0.0100486 -0.00463171
v 0.0102586 -0.0100482 -0.0049952
v 0.0134755 -0.0100482 -0.00745571
v 0.0103867 0.0100486 -0.00463171
v 0.00609972 0.0100486 -0.00452601
v 0.00620972 -0.0100482 -0.00489531
v 0.0102586 -0.0100482 -0.0049952
v 0.00609972 0.0100486 -0.00452601
v 0.00256942 0.0100486 -0.00696031
v 0.00287561 -0.0100482 -0.00719471
v 0.00620972 -0.0100482 -0.00489531
v 0.00256942 0.0100486 -0.00696031
v 0.00114422 0.0100486 -0.0110048
v 0.00152962 -0.0100482 -0.0110144
v 0.00287561 -0.0100482 -0.00719471
v 0.00114422 0.0100486 -0.0110048
v 0.00236849 0.0100486 -0.0151147
v 0.00268592 -0.0100482 -0.0148958
v 0.00152962 -0.0100482 -0.0110144
v 0.00236849 0.0100486 -0.0151147
v 0.00577472 0.0100486 -0.0177199
v 0.00590281 -0.0100482 -0.0173563
v 0.00268592 -0.0100482 -0.0148958
v 0.00577472 0.0100486 -0.0177199
v 0.0100617 0.0100486 -0.0178255
v 0.00995161 -0.0100482 -0.0174562
v 0.00590281 -0.0100482 -0.0173563
v 0.00995161 -0.0100482 -0.0174562
v 0.0132858 -0.0100482 -0.0151569
v 0.0146318 -0.0100482 -0.0113372
v 0.0134755 -0.0100482 -0.00745571
v 0.0102586 -0.0100482 -0.0049952
v 0.00620972 -0.0100482 -0.00489531
v 0.00287561 -0.0100482 -0.00719471
v 0.00152962 -0.0100482 -0.0110144
v 0.00268592 -0.0100482 -0.0148958
v 0.00590281 -0.0100482 -0.0173563
v -0.0141939 -0.00503253 -0.0173563
v -0.0174108 -0.00503253 -0.0148958
v -0.0174108 -0.0100482 -0.0148958
v -0.0141939 -0.0100482 -0.0173563
v -0.0174108 -0.00503253 -0.0148958
v -0.0185671 -0.00503253 -0.0110144
v -0.0185671 -0.0100482 -0.0110144
v -0.0174108 -0.0100482 -0.0148958
v -0.0185671 -0.00503253 -0.0110144
v -0.0172211 -0.00503253 -0.00719471
v -0.0172211 -0.0100482 -0.00719471
v -0.0185671 -0.0100482 -0.0110144
v -0.0172211 -0.00503253 -0.00719471
v -0.0138869 -0.00503253 -0.00489531
v -0.0138869 -0.0100482 -0.00489531
v -0.0172211 -0.0100482 -0.00719471
v -0.0138869 -0.00503253 -0.00489531
v -0.00983809 -0.00503253 -0.0049952
v -0.00983809 -0.0100482 -0.0049952
v -0.0138869 -0.0100482 -0.00489531
v -0.00983809 -0.00503253 -0.0049952
v -0.0066212 -0.00503253 -0.00745571
v -0.0066212 -0.0100482 -0.00745571
v -0.00983809 -0.0100482 -0.0049952
v -0.0066212 -0.00503253 -0.00745571
v -0.0054649 -0.00503253 -0.0113372
v -0.0054649 -0.0100482 -0.0113372
v -0.0066212 -0.0100482 -0.00745571
v -0.0054649 -0.00503253 -0.0113372
v -0.00681089 -0.00503253 -0.0151569
v -0.00681089 -0.0100482 -0.0151569
v -0.0054649 -0.0100482 -0.0113372
v -0.00681089 -0.00503253 -0.0151569
v -0.0101451 -0.00503253 -0.0174562
v -0.0101451 -0.0100482 -0.0174562
v -0.00681089 -0.0100482 -0.0151569
v -0.0101451 -0.00503253 -0.0174562
v -0.0141939 -0.00503253 -0.0173563
v -0.0141939 -0.0100482 -0.0173563
v -0.0101451 -0.0100482 -0.0174562
v -0.0141939 -0.0100482 -0.0173563
v -0.0174108 -0.0100482 -0.0148958
v -0.0185671 -0.0100482 -0.0110144
v -0.0172211 -0.0100482 -0.00719471
v -0.0138869 -0.0100482 -0.00489531
v -0.00983809 -0.0100482 -0.0049952
v -0.0066212 -0.0100482 -0.00745571
v -0.0054649 -0.0100482 -0.0113372
v -0.00681089 -0.0100482 -0.0151569
v -0.0101451 -0.0100482 -0.0174562
v -0.0098149 0.00927758 -0.0185644
v -0.00589238 0.00927758 -0.0158595
v -0.00589238 0.0100486 -0.0158595
v -0.0098149 0.0100486 -0.0185644
v -0.0101451 -0.00503253 -0.0174562
v -0.00681089 -0.00503253 -0.0151569
v -0.00589238 0.00927758 -0.0158595
v -0.0098149 0.00927758 -0.0185644
v -0.00681089 -0.00503253 -0.0151569
v -0.0054649 -0.00503253 -0.0113372
v -0.0043088 0.00927758 -0.0113655
v -0.00589238 0.00927758 -0.0158595
v -0.0054649 -0.00503253 -0.0113372
v -0.0066212 -0.00503253 -0.00745571
v -0.00566919 0.00927758 -0.00679911
v -0.0043088 0.00927758 -0.0113655
v -0.0066212 -0.00503253 -0.00745571
v -0.00983809 -0.00503253 -0.0049952
v -0.00945379 0.00927758 -0.00390451
v -0.00566919 0.00927758 -0.00679911
v -0.00983809 -0.00503253 -0.0049952
v -0.0138869 -0.00503253 -0.00489531
v -0.0142171 0.00927758 -0.00378721
v -0.00945379 0.00927758 -0.00390451
v -0.0138869 -0.00503253 -0.00489531
v -0.0172211 -0.00503253 -0.00719471
v -0.0181397 0.00927758 -0.006492
v -0.0142171 0.00927758 -0.00378721
v -0.0172211 -0.00503253 -0.00719471
v -0.0185671 -0.00503253 -0.0110144
v -0.0197232 0.00927758 -0.010986
v -0.0181397 0.00927758 -0.006492
v -0.0185671 -0.00503253 -0.0110144
v -0.0174108 -0.00503253 -0.0148958
v -0.0183629 0.00927758 -0.0155524
v -0.0197232 0.00927758 -0.010986
v -0.0174108 -0.00503253 -0.0148958
v -0.0141939 -0.00503253 -0.0173563
v -0.0145782 0.00927758 -0.0184471
v -0.0183629 0.00927758 -0.0155524
v -0.0141939 -0.00503253 -0.0173563
v -0.0101451 -0.00503253 -0.0174562
v -0.0098149 0.00927758 -0.0185644
v -0.0145782 0.00927758 -0.0184471
v -0.00589238 0.00927758 -0.0158595
v -0.0043088 0.00927758 -0.0113655
v -0.0043088 0.0100486 -0.0113655
v -0.00589238 0.0100486 -0.0158595
v -0.0043088 0.00927758 -0.0113655
v -0.00566919 0.00927758 -0.00679911
v -0.00566919 0.0100486 -0.00679911
v -0.0043088 0.0100486 -0.0113655
v -0.00566919 0.00927758 -0.00679911
v -0.00945379 0.00927758 -0.00390451
v -0.00945379 0.0100486 -0.00390451
v -0.00566919 0.0100486 -0.00679911
v -0.00945379 0.00927758 -0.00390451
v -0.0142171 0.00927758 -0.00378721
v -0.0142171 0.0100486 -0.00378721
v -0.00945379 0.0100486 -0.00390451
v -0.0142171 0.00927758 -0.00378721
v -0.0181397 0.00927758 -0.006492
v -0.0181397 0.0100486 -0.006492
v -0.0142171 0.0100486 -0.00378721
v -0.0181397 0.00927758 -0.006492
v -0.0197232 0.00927758 -0.010986
v -0.0197232 0.0100486 -0.010986
v -0.0181397 0.0100486 -0.006492
v -0.0197232 0.00927758 -0.010986
v -0.0183629 0.00927758 -0.0155524
v -0.0183629 0.0100486 -0.0155524
v -0.0197232 0.0100486 -0.010986
v -0.0183629 0.00927758 -0.0155524
v -0.0145782 0.00927758 -0.0184471
v -0.0145782 0.0100486 -0.0184471
v -0.0183629 0.0100486 -0.0155524
v -0.0145782 0.00927758 -0.0184471
v -0.0098149 0.00927758 -0.0185644
v -0.0098149 0.0100486 -0.0185644
v -0.0145782 0.0100486 -0.0184471
v -0.0098149 0.0100486 -0.0185644
v -0.00589238 0.0100486 -0.0158595
v -0.0065047 0.0100486 -0.0153912
v -0.010035 0.0100486 -0.0178255
v -0.00589238 0.0100486 -0.0158595
v -0.0043088 0.0100486 -0.0113655
v -0.00507949 0.0100486 -0.0113467
v -0.0065047 0.0100486 -0.0153912
v -0.0043088 0.0100486 -0.0113655
v -0.00566919 0.0100486 -0.00679911
v -0.0063038 0.0100486 -0.00723691
v -0.00507949 0.0100486 -0.0113467
v -0.00566919 0.0100486 -0.00679911
v -0.00945379 0.0100486 -0.00390451
v -0.00971 0.0100486 -0.00463171
v -0.0063038 0.0100486 -0.00723691
v -0.00945379 0.0100486 -0.00390451
v -0.0142171 0.0100486 -0.00378721
v -0.013997 0.0100486 -0.00452601
v -0.00971 0.0100486 -0.00463171
v -0.0142171 0.0100486 -0.00378721
v -0.0181397 0.0100486 -0.006492
v -0.0175273 0.0100486 -0.00696031
v -0.013997 0.0100486 -0.00452601
v -0.0181397 0.0100486 -0.006492
v -0.0197232 0.0100486 -0.010986
v -0.0189525 0.0100486 -0.0110048
v -0.0175273 0.0100486 -0.00696031
v -0.0197232 0.0100486 -0.010986
v -0.0183629 0.0100486 -0.0155524
v -0.0177282 0.0100486 -0.0151147
v -0.0189525 0.0100486 -0.0110048
v -0.0183629 0.0100486 -0.0155524
v -0.0145782 0.0100486 -0.0184471
v -0.014322 0.0100486 -0.0177199
v -0.0177282 0.0100486 -0.0151147
v -0.0145782 0.0100486 -0.0184471
v -0.0098149 0.0100486 -0.0185644
v -0.010035 0.0100486 -0.0178255
v -0.014322 0.0100486 -0.0177199
v -0.010035 0.0100486 -0.0178255
v -0.0065047 0.0100486 -0.0153912
v -0.00681089 -0.0100482 -0.0151569
v -0.0101451 -0.0100482 -0.0174562
v -0.0065047 0.0100486 -0.0153912
v -0.00507949 0.0100486 -0.0113467
v -0.0054649 -0.0100482 -0.0113372
v -0.00681089 -0.0100482 -0.0151569
v -0.00507949 0.0100486 -0.0113467
v -0.0063038 0.0100486 -0.00723691
v -0.0066212 -0.0100482 -0.00745571
v -0.0054649 -0.0100482 -0.0113372
v -0.0063038 0.0100486 -0.00723691
v -0.00971 0.0100486 -0.00463171
v -0.00983809 -0.0100482 -0.0049952
v -0.0066212 -0.0100482 -0.00745571
v -0.00971 0.0100486 -0.00463171
v -0.013997 0.0100486 -0.00452601
v -0.0138869 -0.0100482 -0.00489531
v -0.00983809 -0.0100482 -0.0049952
v -0.013997 0.0100486 -0.00452601
v -0.0175273 0.0100486 -0.00696031
v -0.0172211 -0.0100482 -0.00719471
v -0.0138869 -0.0100482 -0.00489531
v -0.0175273 0.0100486 -0.00696031
v -0.0189525 0.0100486 -0.0110048
v -0.0185671 -0.0100482 -0.0110144
v -0.0172211 -0.0100482 -0.00719471
v -0.0189525 0.0100486 -0.0110048
v -0.0177282 0.0100486 -0.0151147
v -0.0174108 -0.0100482 -0.0148958
v -0.0185671 -0.0100482 -0.0110144
v -0.0177282 0.0100486 -0.0151147
v -0.014322 0.0100486 -0.0177199
v -0.0141939 -0.0100482 -0.0173563
v -0.0174108 -0.0100482 -0.0148958
v -0.014322 0.0100486 -0.0177199
v -0.010035 0.0100486 -0.0178255
v -0.0101451 -0.0100482 -0.0174562
v -0.0141939 -0.0100482 -0.0173563
v -0.0101451 -0.0100482 -0.0174562
v -0.00681089 -0.0100482 -0.0151569
v -0.0054649 -0.0100482 -0.0113372
v -0.0066212 -0.0100482 -0.00745571
v -0.00983809 -0.0100482 -0.0049952
v -0.0138869 -0.0100482 -0.00489531
v -0.0172211 -0.0100482 -0.00719471
v -0.0185671 -0.0100482 -0.0110144
v -0.0174108 -0.0100482 -0.0148958
v -0.0141939 -0.0100482 -0.0173563
v -0.0055805 -0.00503253 -0.034891
v -0.00879748 -0.00503253 -0.0324305
v -0.00879748 -0.0100482 -0.0324305
v -0.0055805 -0.0100482 -0.034891
v -0.00879748 -0.00503253 -0.0324305
v -0.00995378 -0.00503253 -0.0285491
v -0.00995378 -0.0100482 -0.0285491
v -0.00879748 -0.0100482 -0.0324305
v -0.00995378 -0.00503253 -0.0285491
v -0.00860779 -0.00503253 -0.0247294
v -0.0086077 -0.0100482 -0.0247294
v -0.00995378 -0.0100482 -0.0285491
v -0.00860779 -0.00503253 -0.0247294
v -0.0052736 -0.00503253 -0.0224301
v -0.0052736 -0.0100482 -0.0224301
v -0.0086077 -0.0100482 -0.0247294
v -0.0052736 -0.00503253 -0.0224301
v -0.0012248 -0.00503253 -0.02253
v -0.0012248 -0.0100482 -0.02253
v -0.0052736 -0.0100482 -0.0224301
v -0.0012248 -0.00503253 -0.02253
v 0.00199221 -0.00503253 -0.0249905
v 0.00199221 -0.0100482 -0.0249905
v -0.0012248 -0.0100482 -0.02253
v 0.00199221 -0.00503253 -0.0249905
v 0.00314851 -0.00503253 -0.0288719
v 0.00314851 -0.0100482 -0.0288719
v 0.00199221 -0.0100482 -0.0249905
v 0.00314851 -0.00503253 -0.0288719
v 0.00180252 -0.00503253 -0.0326916
v 0.00180252 -0.0100482 -0.0326916
v 0.00314851 -0.0100482 -0.0288719
v 0.00180252 -0.00503253 -0.0326916
v -0.00153171 -0.00503253 -0.0349909
v -0.00153171 -0.0100482 -0.0349909
v 0.00180252 -0.0100482 -0.0326916
v -0.00153171 -0.00503253 -0.0349909
v -0.0055805 -0.00503253 -0.034891
v -0.0055805 -0.0100482 -0.034891
v -0.00153171 -0.0100482 -0.0349909
v -0.0055805 -0.0100482 -0.034891
v -0.00879748 -0.0100482 -0.0324305
v -0.00995378 -0.0100482 -0.0285491
v -0.0086077 -0.0100482 -0.0247294
v -0.0052736 -0.0100482 -0.0224301
v -0.0012248 -0.0100482 -0.02253
v 0.00199221 -0.0100482 -0.0249905
v 0.00314851 -0.0100482 -0.0288719
v 0.00180252 -0.0100482 -0.0326916
v -0.00153171 -0.0100482 -0.0349909
v -0.00120158 0.00927758 -0.0360991
v 0.002721 0.00927758 -0.0333942
v 0.002721 0.0100486 -0.0333942
v -0.00120158 0.0100486 -0.0360991
v -0.00153171 -0.00503253 -0.0349909
v 0.00180252 -0.00503253 -0.0326916
v 0.002721 0.00927758 -0.0333942
v -0.00120158 0.00927758 -0.0360991
v 0.00180252 -0.00503253 -0.0326916
v 0.00314851 -0.00503253 -0.0288719
v 0.00430451 0.00927758 -0.0289003
v 0.002721 0.00927758 -0.0333942
v 0.00314851 -0.00503253 -0.0288719
v 0.00199221 -0.00503253 -0.0249905
v 0.00294422 0.00927758 -0.0243338
v 0.00430451 0.00927758 -0.0289003
v 0.00199221 -0.00503253 -0.0249905
v -0.0012248 -0.00503253 -0.02253
v -0.000840381 0.00927758 -0.0214392
v 0.00294422 0.00927758 -0.0243338
v -0.0012248 -0.00503253 -0.02253
v -0.0052736 -0.00503253 -0.0224301
v -0.00560381 0.00927758 -0.0213219
v -0.000840381 0.00927758 -0.0214392
v -0.0052736 -0.00503253 -0.0224301
v -0.00860779 -0.00503253 -0.0247294
v -0.0095263 0.00927758 -0.0240268
v -0.00560381 0.00927758 -0.0213219
v -0.00860779 -0.00503253 -0.0247294
v -0.00995378 -0.00503253 -0.0285491
v -0.0111099 0.00927758 -0.0285207
v -0.0095263 0.00927758 -0.0240268
v -0.00995378 -0.00503253 -0.0285491
v -0.00879748 -0.00503253 -0.0324305
v -0.00974949 0.00927758 -0.0330872
v -0.0111099 0.00927758 -0.0285207
v -0.00879748 -0.00503253 -0.0324305
v -0.0055805 -0.00503253 -0.034891
v -0.00596489 0.00927758 -0.0359818
v -0.00974949 0.00927758 -0.0330872
v -0.0055805 -0.00503253 -0.034891
v -0.00153171 -0.00503253 -0.0349909
v -0.00120158 0.00927758 -0.0360991
v -0.00596489 0.00927758 -0.0359818
v 0.002721 0.00927758 -0.0333942
v 0.00430451 0.00927758 -0.0289003
v 0.00430451 0.0100486 -0.0289003
v 0.002721 0.0100486 -0.0333942
v 0.00430451 0.00927758 -0.0289003
v 0.00294422 0.00927758 -0.0243338
v 0.00294422 0.0100486 -0.0243338
v 0.00430451 0.0100486 -0.0289003
v 0.00294422 0.00927758 -0.0243338
v -0.000840381 0.00927758 -0.0214392
v -0.000840381 0.0100486 -0.0214392
v 0.00294422 0.0100486 -0.0243338
v -0.000840381 0.00927758 -0.0214392
v -0.00560381 0.00927758 -0.0213219
v -0.00560381 0.0100486 -0.0213219
v -0.000840381 0.0100486 -0.0214392
v -0.00560381 0.00927758 -0.0213219
v -0.0095263 0.00927758 -0.0240268
v -0.0095263 0.0100486 -0.0240268
v -0.00560381 0.0100486 -0.0213219
v -0.0095263 0.00927758 -0.0240268
v -0.0111099 0.00927758 -0.0285207
v -0.0111099 0.0100486 -0.0285207
v -0.0095263 0.0100486 -0.0240268
v -0.0111099 0.00927758 -0.0285207
v -0.00974949 0.00927758 -0.0330872
v -0.00974949 0.0100486 -0.0330872
v -0.0111099 0.0100486 -0.0285207
v -0.00974949 0.00927758 -0.0330872
v -0.00596489 0.00927758 -0.0359818
v -0.00596489 0.0100486 -0.0359818
v -0.00974949 0.0100486 -0.0330872
v -0.00596489 0.00927758 -0.0359818
v -0.00120158 0.00927758 -0.0360991
v -0.00120158 0.0100486 -0.0360991
v -0.00596489 0.0100486 -0.0359818
v -0.00120158 0.0100486 -0.0360991
v 0.002721 0.0100486 -0.0333942
v 0.00210862 0.0100486 -0.032926
v -0.0014217 0.0100486 -0.0353602
v 0.002721 0.0100486 -0.0333942
v 0.00430451 0.0100486 -0.0289003
v 0.0035338 0.0100486 -0.0288814
v 0.00210862 0.0100486 -0.032926
v 0.00430451 0.0100486 -0.0289003
v 0.00294422 0.0100486 -0.0243338
v 0.00230952 0.0100486 -0.0247716
v 0.0035338 0.0100486 -0.0288814
v 0.00294422 0.0100486 -0.0243338
v -0.000840381 0.0100486 -0.0214392
v -0.00109668 0.0100486 -0.0221664
v 0.00230952 0.0100486 -0.0247716
v -0.000840381 0.0100486 -0.0214392
v -0.00560381 0.0100486 -0.0213219
v -0.0053836 0.0100486 -0.0220608
v -0.00109668 0.0100486 -0.0221664
v -0.00560381 0.0100486 -0.0213219
v -0.0095263 0.0100486 -0.0240268
v -0.00891398 0.0100486 -0.024495
v -0.0053836 0.0100486 -0.0220608
v -0.0095263 0.0100486 -0.0240268
v -0.0111099 0.0100486 -0.0285207
v -0.0103391 0.0100486 -0.0285396
v -0.00891398 0.0100486 -0.024495
v -0.0111099 0.0100486 -0.0285207
v -0.00974949 0.0100486 -0.0330872
v -0.00911479 0.0100486 -0.0326494
v -0.0103391 0.0100486 -0.0285396
v -0.00974949 0.0100486 -0.0330872
v -0.00596489 0.0100486 -0.0359818
v -0.00570868 0.0100486 -0.0352546
v -0.00911479 0.0100486 -0.0326494
v -0.00596489 0.0100486 -0.0359818
v -0.00120158 0.0100486 -0.0360991
v -0.0014217 0.0100486 -0.0353602
v -0.00570868 0.0100486 -0.0352546
v -0.0014217 0.0100486 -0.0353602
v 0.00210862 0.0100486 -0.032926
v 0.00180252 -0.0100482 -0.0326916
v -0.00153171 -0.0100482 -0.0349909
v 0.00210862 0.0100486 -0.032926
v 0.0035338 0.0100486 -0.0288814
v 0.00314851 -0.0100482 -0.0288719
v 0.00180252 -0.0100482 -0.0326916
v 0.0035338 0.0100486 -0.0288814
v 0.00230952 0.0100486 -0.0247716
v 0.00199221 -0.0100482 -0.0249905
v 0.00314851 -0.0100482 -0.0288719
v 0.00230952 0.0100486 -0.0247716
v -0.00109668 0.0100486 -0.0221664
v -0.0012248 -0.0100482 -0.02253
v 0.00199221 -0.0100482 -0.0249905
v -0.00109668 0.0100486 -0.0221664
v -0.0053836 0.0100486 -0.0220608
v -0.0052736 -0.0100482 -0.0224301
v -0.0012248 -0.0100482 -0.02253
v -0.0053836 0.0100486 -0.0220608
v -0.00891398 0.0100486 -0.024495
v -0.0086077 -0.0100482 -0.0247294
v -0.0052736 -0.0100482 -0.0224301
v -0.00891398 0.0100486 -0.024495
v -0.0103391 0.0100486 -0.0285396
v -0.00995378 -0.0100482 -0.0285491
v -0.0086077 -0.0100482 -0.0247294
v -0.0103391 0.0100486 -0.0285396
v -0.00911479 0.0100486 -0.0326494
v -0.00879748 -0.0100482 -0.0324305
v -0.00995378 -0.0100482 -0.0285491
v -0.00911479 0.0100486 -0.0326494
v -0.00570868 0.0100486 -0.0352546
v -0.0055805 -0.0100482 -0.034891
v -0.00879748 -0.0100482 -0.0324305
v -0.00570868 0.0100486 -0.0352546
v -0.0014217 0.0100486 -0.0353602
v -0.00153171 -0.0100482 -0.0349909
v -0.0055805 -0.0100482 -0.034891
v -0.00153171 -0.0100482 -0.0349909
v 0.00180252 -0.0100482 -0.0326916
v 0.00314851 -0.0100482 -0.0288719
v 0.00199221 -0.0100482 -0.0249905
v -0.0012248 -0.0100482 -0.02253
v -0.0052736 -0.0100482 -0.0224301
v -0.0086077 -0.0100482 -0.0247294
v -0.00995378 -0.0100482 -0.0285491
v -0.00879748 -0.0100482 -0.0324305
v -0.0055805 -0.0100482 -0.034891
vn 0.567678 0 -0.823251
vn 0.567678 0 -0.823251
vn 0.567678 0 -0.823251
vn 0.567678 0 -0.823251
vn 0.567678 0 -0.823251
vn 0.567678 0 -0.823251
vn 0.943158 0 -0.332346
vn 0.943158 0 -0.332346
vn 0.943158 0 -0.332346
vn 0.943158 0 -0.332346
vn 0.943158 0 -0.332346
vn 0.943158 0 -0.332346
vn 0.958375 0 0.285512
vn 0.958375 0 0.285512
vn 0.958375 0 0.285512
vn 0.958375 0 0.285512
vn 0.958375 0 0.285512
vn 0.958375 0 0.285512
vn 0.607529 0 0.794297
vn 0.607529 0 0.794297
vn 0.607529 0 0.794297
vn 0.607529 0 0.794297
vn 0.607529 0 0.794297
vn 0.607529 0 0.794297
vn 0.0246187 0 0.999697
vn 0.0246187 0 0.999697
vn 0.0246187 0 0.999697
vn 0.0246187 0 0.999697
vn 0.0246187 0 0.999697
vn 0.0246187 0 0.999697
vn -0.567684 0 0.823247
vn -0.567684 0 0.823247
vn -0.567684 0 0.823247
vn -0.567684 0 0.823247
vn -0.567684 0 0.823247
vn -0.567684 0 0.823247
vn -0.943161 0 0.332336
vn -0.943161 0 0.332336
vn -0.943161 0 0.332336
vn -0.943161 0 0.332336
vn -0.943161 0 0.332336
vn -0.943161 0 0.332336
vn -0.958382 0 -0.285488
vn -0.958382 0 -0.285488
vn -0.958382 0 -0.285488
vn -0.958382 0 -0.285488
vn -0.958382 0 -0.285488
vn -0.958382 0 -0.285488
vn -0.607506 0 -0.794315
vn -0.607506 0 -0.794315
vn -0.607506 0 -0.794315
vn -0.607506 0 -0.794315
vn -0.607506 0 -0.794315
vn -0.607506 0 -0.794315
vn -0.0246187 0 -0.999697
vn -0.0246187 0 -0.999697
vn -0.0246187 0 -0.999697
vn -0.0246187 0 -0.999697
vn -0.0246187 0 -0.999697
vn -0.0246187 0 -0.999697
vn 0 1 -0
vn 0 1 -0
vn 0 1 -0
vn 0 1 -0
vn 0 1 -0
vn 0 1 -0
vn 0 1 -0
vn 0 1 -0
vn 0 1 -0
vn 0 1 -0
vn 0 1 -0
vn 0 1 -0
vn 0 1 -0
vn 0 1 -0
vn 0 1 -0
vn 0 1 -0
vn 0 1 -0
vn 0 1 -0
vn 0 1 -0
vn 0 1 -0
vn 0 1 -0
vn 0 1 -0
vn 0 1 -0
vn 0 1 -0
vn 0 1 -0
vn 0 1 -0
vn 0 1 -0
vn 0 1 -0
vn 0 1 -0
vn 0 1 -0
vn 0 1 -0
vn 0 1 -0
vn 0 1 -0
vn 0 1 -0
vn 0 1 -0
vn 0 1 -0
vn 0 1 -0
vn 0 1 -0
vn 0 1 -0
vn 0 1 -0
vn 0 1 -0
vn 0 1 -0
vn 0 1 -0
vn 0 1 -0
vn 0 1 -0
vn 0 1 -0
vn 0 1 -0
vn 0 1 -0
vn 0 1 -0
vn 0 1 -0
vn 0 1 -0
vn 0 1 -0
vn 0 1 -0
vn 0 1 -0
vn 0 1 -0
vn 0 1 -0
vn 0 1 -0
vn 0 1 -0
vn 0 1 -0
vn 0 1 -0
vn 0.567695 0 -0.823239
vn 0.567695 0 -0.823239
vn 0.567695 0 -0.823239
vn 0.567695 0 -0.823239
vn 0.567695 0 -0.823239
vn 0.567695 0 -0.823239
vn 0.943156 0 -0.332352
vn 0.943156 0 -0.332352
vn 0.943156 0 -0.332352
vn 0.943156 0 -0.332352
vn 0.943156 0 -0.332352
vn 0.943156 0 -0.332352
vn 0.958374 0 0.285517
vn 0.958374 0 0.285517
vn 0.958374 0 0.285517
vn 0.958374 0 0.285517
vn 0.958374 0 0.285517
vn 0.958374 0 0.285517
vn 0.607515 0 0.794308
vn 0.607515 0 0.794308
vn 0.607515 0 0.794308
vn 0.607515 0 0.794308
vn 0.607515 0 0.794308
vn 0.607515 0 0.794308
vn 0.0246187 0 0.999697
vn 0.0246187 0 0.999697
vn 0.0246187 0 0.999697
vn 0.0246187 0 0.999697
vn 0.0246187 0 0.999697
vn 0.0246187 0 0.999697
vn -0.567672 0 0.823255
vn -0.567672 0 0.823255
vn -0.567672 0 0.823255
vn -0.567672 0 0.823255
vn -0.567672 0 0.823255
vn -0.567672 0 0.823255
vn -0.943161 0 0.332335
vn -0.943161 0 0.332335
vn -0.943161 0 0.332335
vn -0.943161 0 0.332335
vn -0.943161 0 0.332335
vn -0.943161 0 0.332335
vn -0.95838 0 -0.285494
vn -0.95838 0 -0.285494
vn -0.95838 0 -0.285494
vn -0.95838 0 -0.285494
vn -0.95838 0 -0.285494
vn -0.95838 0 -0.285494
vn -0.607529 0 -0.794297
vn -0.607529 0 -0.794297
vn -0.607529 0 -0.794297
vn -0.607529 0 -0.794297
vn -0.607529 0 -0.794297
vn -0.607529 0 -0.794297
vn -0.0246181 0 -0.999697
vn -0.0246181 0 -0.999697
vn -0.0246181 0 -0.999697
vn -0.0246181 0 -0.999697
vn -0.0246181 0 -0.999697
vn -0.0246181 0 -0.999697
vn 0 1 -0
vn 0 1 -0
vn 0 1 -0
vn 0 1 -0
vn 0 1 -0
vn 0 1 -0
vn 0 1 -0
vn 0 1 -0
vn 0 1 -0
vn 0 1 -0
vn 0 1 -0
vn 0 1 -0
vn 0 1 -0
vn 0 1 -0
vn 0 1 -0
vn 0 1 -0
vn 0 1 -0
vn 0 1 -0
vn 0 1 -0
vn 0 1 -0
vn 0 1 -0
vn 0 1 -0
vn 0 1 -0
vn 0 1 -0
vn 0 1 -0
vn 0 1 -0
vn 0 1 -0
vn 0 1 -0
vn 0 1 -0
vn 0 1 -0
vn 0 1 -0
vn 0 1 -0
vn 0 1 -0
vn 0 1 -0
vn 0 1 -0
vn 0 1 -0
vn 0 1 -0
vn 0 1 -0
vn 0 1 -0
vn 0 1 -0
vn 0 1 -0
vn 0 1 -0
vn 0 1 -0
vn 0 1 -0
vn 0 1 -0
vn 0 1 -0
vn 0 1 -0
vn 0 1 -0
vn 0 1 -0
vn 0 1 -0
vn 0 1 -0
vn 0 1 -0
vn 0 1 -0
vn 0 1 -0
vn 0 1 -0
vn 0 1 -0
vn 0 1 -0
vn 0 1 -0
vn 0 1 -0
vn 0 1 -0
vn 0.567681 0 -0.823249
vn 0.567681 0 -0.823249
vn 0.567681 0 -0.823249
vn 0.567681 0 -0.823249
vn 0.567681 0 -0.823249
vn 0.567681 0 -0.823249
vn 0.943156 0 -0.332352
vn 0.943156 0 -0.332352
vn 0.943156 0 -0.332352
vn 0.943156 0 -0.332352
vn 0.943156 0 -0.332352
vn 0.943156 0 -0.332352
vn 0.958374 0 0.285517
vn 0.958374 0 0.285517
vn 0.958374 0 0.285517
vn 0.958374 0 0.285517
vn 0.958374 0 0.285517
vn 0.958374 0 0.285517
vn 0.607529 0 0.794297
vn 0.607529 0 0.794297
vn 0.607529 0 0.794297
vn 0.607529 0 0.794297
vn 0.607529 0 0.794297
vn 0.607529 0 0.794297
vn 0.0246187 0 0.999697
vn 0.0246187 0 0.999697
vn 0.0246187 0 0.999697
vn 0.0246187 0 0.999697
vn 0.0246187 0 0.999697
vn 0.0246187 0 0.999697
vn -0.567687 0 0.823245
vn -0.567687 0 0.823245
vn -0.567687 0 0.823245
vn -0.567687 0 0.823245
vn -0.567687 0 0.823245
vn -0.567687 0 0.823245
vn -0.943159 0 0.332342
vn -0.943159 0 0.332342
vn -0.943159 0 0.332342
vn -0.943159 0 0.332342
vn -0.943159 0 0.332342
vn -0.943159 0 0.332342
vn -0.958382 0 -0.285488
vn -0.958382 0 -0.285488
vn -0.958382 0 -0.285488
vn -0.958382 0 -0.285488
vn -0.958382 0 -0.285488
vn -0.958382 0 -0.285488
vn -0.607515 0 -0.794308
vn -0.607515 0 -0.794308
vn -0.607515 0 -0.794308
vn -0.607515 0 -0.794308
vn -0.607515 0 -0.794308
vn -0.607515 0 -0.794308
vn -0.0246181 0 -0.999697
vn -0.0246181 0 -0.999697
vn -0.0246181 0 -0.999697
vn -0.0246181 0 -0.999697
vn -0.0246181 0 -0.999697
vn -0.0246181 0 -0.999697
vn 0 1 -0
vn 0 1 -0
vn 0 1 -0
vn 0 1 -0
vn 0 1 -0
vn 0 1 -0
vn 0 1 -0
vn 0 1 -0
vn 0 1 -0
vn 0 1 -0
vn 0 1 -0
vn 0 1 -0
vn 0 1 -0
vn 0 1 -0
vn 0 1 -0
vn 0 1 -0
vn 0 1 -0
vn 0 1 -0
vn 0 1 -0
vn 0 1 -0
vn 0 1 -0
vn 0 1 -0
vn 0 1 -0
vn 0 1 -0
vn 0 1 -0
vn 0 1 -0
vn 0 1 -0
vn 0 1 -0
vn 0 1 -0
vn 0 1 -0
vn 0 1 -0
vn 0 1 -0
vn 0 1 -0
vn 0 1 -0
vn 0 1 -0
vn 0 1 -0
vn 0 1 -0
vn 0 1 -0
vn 0 1 -0
vn 0 1 -0
vn 0 1 -0
vn 0 1 -0
vn 0 1 -0
vn 0 1 -0
vn 0 1 -0
vn 0 1 -0
vn 0 1 -0
vn 0 1 -0
vn 0 1 -0
vn 0 1 -0
vn 0 1 -0
vn 0 1 -0
vn 0 1 -0
vn 0 1 -0
vn 0 1 -0
vn 0 1 -0
vn 0 1 -0
vn 0 1 -0
vn 0 1 -0
vn 0 1 -0
vn 0.823251 0 0.567677
vn 0.823251 0 0.567677
vn 0.823251 0 0.567677
vn 0.823251 0 0.567677
vn 0.823251 0 0.567677
vn 0.823251 0 0.567677
vn 0.332322 0 0.943166
vn 0.332322 0 0.943166
vn 0.332322 0 0.943166
vn 0.332322 0 0.943166
vn 0.332322 0 0.943166
vn 0.332322 0 0.943166
vn -0.285477 0 0.958386
vn -0.285477 0 0.958386
vn -0.285477 0 0.958386
vn -0.285477 0 0.958386
vn -0.285477 0 0.958386
vn -0.285477 0 0.958386
vn -0.794306 0 0.607518
vn -0.794306 0 0.607518
vn -0.794306 0 0.607518
vn -0.794306 0 0.607518
vn -0.794306 0 0.607518
vn -0.794306 0 0.607518
vn -0.999696 0 0.0246375
vn -0.999696 0 0.0246375
vn -0.999696 0 0.0246375
vn -0.999696 0 0.0246375
vn -0.999696 0 0.0246375
vn -0.999696 0 0.0246375
vn -0.823241 0 -0.567692
vn -0.823241 0 -0.567692
vn -0.823241 0 -0.567692
vn -0.823241 0 -0.567692
vn -0.823241 0 -0.567692
vn -0.823241 0 -0.567692
vn -0.332357 0 -0.943154
vn -0.332357 0 -0.943154
vn -0.332357 0 -0.943154
vn -0.332357 0 -0.943154
vn -0.332357 0 -0.943154
vn -0.332357 0 -0.943154
vn 0.285479 0 -0.958385
vn 0.285479 0 -0.958385
vn 0.285479 0 -0.958385
vn 0.285479 0 -0.958385
vn 0.285479 0 -0.958385
vn 0.285479 0 -0.958385
vn 0.794294 0 -0.607534
vn 0.794294 0 -0.607534
vn 0.794294 0 -0.607534
vn 0.794294 0 -0.607534
vn 0.794294 0 -0.607534
vn 0.794294 0 -0.607534
vn 0.999697 0 -0.0246188
vn 0.999697 0 -0.0246188
vn 0.999697 0 -0.0246188
vn 0.999697 0 -0.0246188
vn 0.999697 0 -0.0246188
vn 0.999697 0 -0.0246188
vn 0 1 -0
vn 0 1 -0
vn 0 1 -0
vn 0 1 -0
vn 0 1 -0
vn 0 1 -0
vn 0 1 -0
vn 0 1 -0
vn 0 1 -0
vn 0 1 -0
vn 0 1 -0
vn 0 1 -0
vn 0 1 -0
vn 0 1 -0
vn 0 1 -0
vn 0 1 -0
vn 0 1 -0
vn 0 1 -0
vn 0 1 -0
vn 0 1 -0
vn 0 1 -0
vn 0 1 -0
vn 0 1 -0
vn 0 1 -0
vn 0 1 -0
vn 0 1 -0
vn 0 1 -0
vn 0 1 -0
vn 0 1 -0
vn 0 1 -0
vn 0 1 -0
vn 0 1 -0
vn 0 1 -0
vn 0 1 -0
vn 0 1 -0
vn 0 1 -0
vn 0 1 -0
vn 0 1 -0
vn 0 1 -0
vn 0 1 -0
vn 0 1 -0
vn 0 1 -0
vn 0 1 -0
vn 0 1 -0
vn 0 1 -0
vn 0 1 -0
vn 0 1 -0
vn 0 1 -0
vn 0 1 -0
vn 0 1 -0
vn 0 1 -0
vn 0 1 -0
vn 0 1 -0
vn 0 1 -0
vn 0 1 -0
vn 0 1 -0
vn 0 1 -0
vn 0 1 -0
vn 0 1 -0
vn 0 1 -0
vn 0.567669 0 -0.823257
vn 0.567669 0 -0.823257
vn 0.567669 0 -0.823257
vn 0.567669 0 -0.823257
vn 0.567669 0 -0.823257
vn 0.567669 0 -0.823257
vn 0.943163 0 -0.332329
vn 0.943163 0 -0.332329
vn 0.943163 0 -0.332329
vn 0.943163 0 -0.332329
vn 0.943163 0 -0.332329
vn 0.943163 0 -0.332329
vn 0.95838 0 0.285494
vn 0.95838 0 0.285494
vn 0.95838 0 0.285494
vn 0.95838 0 0.285494
vn 0.95838 0 0.285494
vn 0.95838 0 0.285494
vn 0.607529 0 0.794297
vn 0.607529 0 0.794297
vn 0.607529 0 0.794297
vn 0.607529 0 0.794297
vn 0.607529 0 0.794297
vn 0.607529 0 0.794297
vn 0.0246187 0 0.999697
vn 0.0246187 0 0.999697
vn 0.0246187 0 0.999697
vn 0.0246187 0 0.999697
vn 0.0246187 0 0.999697
vn 0.0246187 0 0.999697
vn -0.567687 0 0.823245
vn -0.567687 0 0.823245
vn -0.567687 0 0.823245
vn -0.567687 0 0.823245
vn -0.567687 0 0.823245
vn -0.567687 0 0.823245
vn -0.943159 0 0.332341
vn -0.943159 0 0.332341
vn -0.943159 0 0.332341
vn -0.943159 0 0.332341
vn -0.943159 0 0.332341
vn -0.943159 0 0.332341
vn -0.958382 0 -0.285489
vn -0.958382 0 -0.285489
vn -0.958382 0 -0.285489
vn -0.958382 0 -0.285489
vn -0.958382 0 -0.285489
vn -0.958382 0 -0.285489
vn -0.607514 0 -0.794309
vn -0.607514 0 -0.794309
vn -0.607514 0 -0.794309
vn -0.607514 0 -0.794309
vn -0.607514 0 -0.794309
vn -0.607514 0 -0.794309
vn -0.0246157 0 -0.999697
vn -0.0246157 0 -0.999697
vn -0.0246157 0 -0.999697
vn -0.0246157 0 -0.999697
vn -0.0246157 0 -0.999697
vn -0.0246157 0 -0.999697
vn 0 1 -0
vn 0 1 -0
vn 0 1 -0
vn 0 1 -0
vn 0 1 -0
vn 0 1 -0
vn 0 1 -0
vn 0 1 -0
vn 0 1 -0
vn 0 1 -0
vn 0 1 -0
vn 0 1 -0
vn 0 1 -0
vn 0 1 -0
vn 0 1 -0
vn 0 1 -0
vn 0 1 -0
vn 0 1 -0
vn 0 1 -0
vn 0 1 -0
vn 0 1 -0
vn 0 1 -0
vn 0 1 -0
vn 0 1 -0
vn 0 1 -0
vn 0 1 -0
vn 0 1 -0
vn 0 1 -0
vn 0 1 -0
vn 0 1 -0
vn 0 1 -0
vn 0 1 -0
vn 0 1 -0
vn 0 1 -0
vn 0 1 -0
vn 0 1 -0
vn 0 1 -0
vn 0 1 -0
vn 0 1 -0
vn 0 1 -0
vn 0 1 -0
vn 0 1 -0
vn 0 1 -0
vn 0 1 -0
vn 0 1 -0
vn 0 1 -0
vn 0 1 -0
vn 0 1 -0
vn 0 1 -0
vn 0 1 -0
vn 0 1 -0
vn 0 1 -0
vn 0 1 -0
vn 0 1 -0
vn 0 1 -0
vn 0 1 -0
vn 0 1 -0
vn 0 1 -0
vn 0 1 -0
vn 0 1 -0
vn 0.567669 0 -0.823257
vn 0.567669 0 -0.823257
vn 0.567669 0 -0.823257
vn 0.567669 0 -0.823257
vn 0.567669 0 -0.823257
vn 0.567669 0 -0.823257
vn 0.943164 0 -0.332328
vn 0.943164 0 -0.332328
vn 0.943164 0 -0.332328
vn 0.943164 0 -0.332328
vn 0.943164 0 -0.332328
vn 0.943164 0 -0.332328
vn 0.958375 0 0.285512
vn 0.958375 0 0.285512
vn 0.958375 0 0.285512
vn 0.958375 0 0.285512
vn 0.958375 0 0.285512
vn 0.958375 0 0.285512
vn 0.607512 0 0.79431
vn 0.607512 0 0.79431
vn 0.607512 0 0.79431
vn 0.607512 0 0.79431
vn 0.607512 0 0.79431
vn 0.607512 0 0.79431
vn 0.0246189 0 0.999697
vn 0.0246189 0 0.999697
vn 0.0246189 0 0.999697
vn 0.0246189 0 0.999697
vn 0.0246189 0 0.999697
vn 0.0246189 0 0.999697
vn -0.567669 0 0.823257
vn -0.567669 0 0.823257
vn -0.567669 0 0.823257
vn -0.567669 0 0.823257
vn -0.567669 0 0.823257
vn -0.567669 0 0.823257
vn -0.943164 0 0.332328
vn -0.943164 0 0.332328
vn -0.943164 0 0.332328
vn -0.943164 0 0.332328
vn -0.943164 0 0.332328
vn -0.943164 0 0.332328
vn -0.95838 0 -0.285495
vn -0.95838 0 -0.285495
vn -0.95838 0 -0.285495
vn -0.95838 0 -0.285495
vn -0.95838 0 -0.285495
vn -0.95838 0 -0.285495
vn -0.607508 0 -0.794313
vn -0.607508 0 -0.794313
vn -0.607508 0 -0.794313
vn -0.607508 0 -0.794313
vn -0.607508 0 -0.794313
vn -0.607508 0 -0.794313
vn -0.0246187 0 -0.999697
vn -0.0246187 0 -0.999697
vn -0.0246187 0 -0.999697
vn -0.0246187 0 -0.999697
vn -0.0246187 0 -0.999697
vn -0.0246187 0 -0.999697
vn 0 1 -0
vn 0 1 -0
vn 0 1 -0
vn 0 1 -0
vn 0 1 -0
vn 0 1 -0
vn 0 1 -0
vn 0 1 -0
vn 0 1 -0
vn 0 1 -0
vn 0 1 -0
vn 0 1 -0
vn 0 1 -0
vn 0 1 -0
vn 0 1 -0
vn 0 1 -0
vn 0 1 -0
vn 0 1 -0
vn 0 1 -0
vn 0 1 -0
vn 0 1 -0
vn 0 1 -0
vn 0 1 -0
vn 0 1 -0
vn 0 1 -0
vn 0 1 -0
vn 0 1 -0
vn 0 1 -0
vn 0 1 -0
vn 0 1 -0
vn 0 1 -0
vn 0 1 -0
vn 0 1 -0
vn 0 1 -0
vn 0 1 -0
vn 0 1 -0
vn 0 1 -0
vn 0 1 -0
vn 0 1 -0
vn 0 1 -0
vn 0 1 -0
vn 0 1 -0
vn 0 1 -0
vn 0 1 -0
vn 0 1 -0
vn 0 1 -0
vn 0 1 -0
vn 0 1 -0
vn 0 1 -0
vn 0 1 -0
vn 0 1 -0
vn 0 1 -0
vn 0 1 -0
vn 0 1 -0
vn 0 1 -0
vn 0 1 -0
vn 0 1 -0
vn 0 1 -0
vn 0 1 -0
vn 0 1 -0
vn 0.567678 0 -0.823251
vn 0.567678 0 -0.823251
vn 0.567678 0 -0.823251
vn 0.567678 0 -0.823251
vn 0.567678 0 -0.823251
vn 0.567678 0 -0.823251
vn 0.943158 0 -0.332345
vn 0.943158 0 -0.332345
vn 0.943158 0 -0.332345
vn 0.943158 0 -0.332345
vn 0.943158 0 -0.332345
vn 0.943158 0 -0.332345
vn 0.958375 0 0.285512
vn 0.958375 0 0.285512
vn 0.958375 0 0.285512
vn 0.958375 0 0.285512
vn 0.958375 0 0.285512
vn 0.958375 0 0.285512
vn 0.607515 0 0.794308
vn 0.607515 0 0.794308
vn 0.607515 0 0.794308
vn 0.607515 0 0.794308
vn 0.607515 0 0.794308
vn 0.607515 0 0.794308
vn 0.0246187 0 0.999697
vn 0.0246187 0 0.999697
vn 0.0246187 0 0.999697
vn 0.0246187 0 0.999697
vn 0.0246187 0 0.999697
vn 0.0246187 0 0.999697
vn -0.567669 0 0.823257
vn -0.567669 0 0.823257
vn -0.567669 0 0.823257
vn -0.567669 0 0.823257
vn -0.567669 0 0.823257
vn -0.567669 0 0.823257
vn -0.943164 0 0.332328
vn -0.943164 0 0.332328
vn -0.943164 0 0.332328
vn -0.943164 0 0.332328
vn -0.943164 0 0.332328
vn -0.943164 0 0.332328
vn -0.95838 0 -0.285495
vn -0.95838 0 -0.285495
vn -0.95838 0 -0.285495
vn -0.95838 0 -0.285495
vn -0.95838 0 -0.285495
vn -0.95838 0 -0.285495
vn -0.607517 0 -0.794307
vn -0.607517 0 -0.794307
vn -0.607517 0 -0.794307
vn -0.607517 0 -0.794307
vn -0.607517 0 -0.794307
vn -0.607517 0 -0.794307
vn -0.0246182 0 -0.999697
vn -0.0246182 0 -0.999697
vn -0.0246182 0 -0.999697
vn -0.0246182 0 -0.999697
vn -0.0246182 0 -0.999697
vn -0.0246182 0 -0.999697
vn 0 1 -0
vn 0 1 -0
vn 0 1 -0
vn 0 1 -0
vn 0 1 -0
vn 0 1 -0
vn 0 1 -0
vn 0 1 -0
vn 0 1 -0
vn 0 1 -0
vn 0 1 -0
vn 0 1 -0
vn 0 1 -0
vn 0 1 -0
vn 0 1 -0
vn 0 1 -0
vn 0 1 -0
vn 0 1 -0
vn 0 1 -0
vn 0 1 -0
vn 0 1 -0
vn 0 1 -0
vn 0 1 -0
vn 0 1 -0
vn 0 1 -0
vn 0 1 -0
vn 0 1 -0
vn 0 1 -0
vn 0 1 -0
vn 0 1 -0
vn 0 1 -0
vn 0 1 -0
vn 0 1 -0
vn 0 1 -0
vn 0 1 -0
vn 0 1 -0
vn 0 1 -0
vn 0 1 -0
vn 0 1 -0
vn 0 1 -0
vn 0 1 -0
vn 0 1 -0
vn 0 1 -0
vn 0 1 -0
vn 0 1 -0
vn 0 1 -0
vn 0 1 -0
vn 0 1 -0
vn 0 1 -0
vn 0 1 -0
vn 0 1 -0
vn 0 1 -0
vn 0 1 -0
vn 0 1 -0
vn 0 1 -0
vn 0 1 -0
vn 0 1 -0
vn 0 1 -0
vn 0 1 -0
vn 0 1 -0
vn 0.567684 0 -0.823247
vn 0.567684 0 -0.823247
vn 0.567684 0 -0.823247
vn 0.567684 0 -0.823247
vn 0.567684 0 -0.823247
vn 0.567684 0 -0.823247
vn 0.943163 0 -0.332329
vn 0.943163 0 -0.332329
vn 0.943163 0 -0.332329
vn 0.943163 0 -0.332329
vn 0.943163 0 -0.332329
vn 0.943163 0 -0.332329
vn 0.95838 0 0.285494
vn 0.95838 0 0.285494
vn 0.95838 0 0.285494
vn 0.95838 0 0.285494
vn 0.95838 0 0.285494
vn 0.95838 0 0.285494
vn 0.607515 0 0.794308
vn 0.607515 0 0.794308
vn 0.607515 0 0.794308
vn 0.607515 0 0.794308
vn 0.607515 0 0.794308
vn 0.607515 0 0.794308
vn 0.0246187 0 0.999697
vn 0.0246187 0 0.999697
vn 0.0246187 0 0.999697
vn 0.0246187 0 0.999697
vn 0.0246187 0 0.999697
vn 0.0246187 0 0.999697
vn -0.567671 0 0.823256
vn -0.567671 0 0.823256
vn -0.567671 0 0.823256
vn -0.567671 0 0.823256
vn -0.567671 0 0.823256
vn -0.567671 0 0.823256
vn -0.943162 0 0.332334
vn -0.943162 0 0.332334
vn -0.943162 0 0.332334
vn -0.943162 0 0.332334
vn -0.943162 0 0.332334
vn -0.943162 0 0.332334
vn -0.95838 0 -0.285494
vn -0.95838 0 -0.285494
vn -0.95838 0 -0.285494
vn -0.95838 0 -0.285494
vn -0.95838 0 -0.285494
vn -0.95838 0 -0.285494
vn -0.607526 0 -0.7943
vn -0.607526 0 -0.7943
vn -0.607526 0 -0.7943
vn -0.607526 0 -0.7943
vn -0.607526 0 -0.7943
vn -0.607526 0 -0.7943
vn -0.0246189 0 -0.999697
vn -0.0246189 0 -0.999697
vn -0.0246189 0 -0.999697
vn -0.0246189 0 -0.999697
vn -0.0246189 0 -0.999697
vn -0.0246189 0 -0.999697
vn 0 1 -0
vn 0 1 -0
vn 0 1 -0
vn 0 1 -0
vn 0 1 -0
vn 0 1 -0
vn 0 1 -0
vn 0 1 -0
vn 0 1 -0
vn 0 1 -0
vn 0 1 -0
vn 0 1 -0
vn 0 1 -0
vn 0 1 -0
vn 0 1 -0
vn 0 1 -0
vn 0 1 -0
vn 0 1 -0
vn 0 1 -0
vn 0 1 -0
vn 0 1 -0
vn 0 1 -0
vn 0 1 -0
vn 0 1 -0
vn 0 1 -0
vn 0 1 -0
vn 0 1 -0
vn 0 1 -0
vn 0 1 -0
vn 0 1 -0
vn 0 1 -0
vn 0 1 -0
vn 0 1 -0
vn 0 1 -0
vn 0 1 -0
vn 0 1 -0
vn 0 1 -0
vn 0 1 -0
vn 0 1 -0
vn 0 1 -0
vn 0 1 -0
vn 0 1 -0
vn 0 1 -0
vn 0 1 -0
vn 0 1 -0
vn 0 1 -0
vn 0 1 -0
vn 0 1 -0
vn 0 1 -0
vn 0 1 -0
vn 0 1 -0
vn 0 1 -0
vn 0 1 -0
vn 0 1 -0
vn 0 1 -0
vn 0 1 -0
vn 0 1 -0
vn 0 1 -0
vn 0 1 -0
vn 0 1 -0
vn 0.567693 0 -0.823241
vn 0.567693 0 -0.823241
vn 0.567693 0 -0.823241
vn 0.567693 0 -0.823241
vn 0.567693 0 -0.823241
vn 0.567693 0 -0.823241
vn 0.943158 0 -0.332346
vn 0.943158 0 -0.332346
vn 0.943158 0 -0.332346
vn 0.943158 0 -0.332346
vn 0.943158 0 -0.332346
vn 0.943158 0 -0.332346
vn 0.958375 0 0.285512
vn 0.958375 0 0.285512
vn 0.958375 0 0.285512
vn 0.958375 0 0.285512
vn 0.958375 0 0.285512
vn 0.958375 0 0.285512
vn 0.607515 0 0.794308
vn 0.607515 0 0.794308
vn 0.607515 0 0.794308
vn 0.607515 0 0.794308
vn 0.607515 0 0.794308
vn 0.607515 0 0.794308
vn 0.0246187 0 0.999697
vn 0.0246187 0 0.999697
vn 0.0246187 0 0.999697
vn 0.0246187 0 0.999697
vn 0.0246187 0 0.999697
vn 0.0246187 0 0.999697
vn -0.567668 0 0.823258
vn -0.567668 0 0.823258
vn -0.567668 0 0.823258
vn -0.567668 0 0.823258
vn -0.567668 0 0.823258
vn -0.567668 0 0.823258
vn -0.943164 0 0.332329
vn -0.943164 0 0.332329
vn -0.943164 0 0.332329
vn -0.943164 0 0.332329
vn -0.943164 0 0.332329
vn -0.943164 0 0.332329
vn -0.95838 0 -0.285494
vn -0.95838 0 -0.285494
vn -0.95838 0 -0.285494
vn -0.95838 0 -0.285494
vn -0.95838 0 -0.285494
vn -0.95838 0 -0.285494
vn -0.607517 0 -0.794307
vn -0.607517 0 -0.794307
vn -0.607517 0 -0.794307
vn -0.607517 0 -0.794307
vn -0.607517 0 -0.794307
vn -0.607517 0 -0.794307
vn -0.0246189 0 -0.999697
vn -0.0246189 0 -0.999697
vn -0.0246189 0 -0.999697
vn -0.0246189 0 -0.999697
vn -0.0246189 0 -0.999697
vn -0.0246189 0 -0.999697
vn 0 1 -0
vn 0 1 -0
vn 0 1 -0
vn 0 1 -0
vn 0 1 -0
vn 0 1 -0
vn 0 1 -0
vn 0 1 -0
vn 0 1 -0
vn 0 1 -0
vn 0 1 -0
vn 0 1 -0
vn 0 1 -0
vn 0 1 -0
vn 0 1 -0
vn 0 1 -0
vn 0 1 -0
vn 0 1 -0
vn 0 1 -0
vn 0 1 -0
vn 0 1 -0
vn 0 1 -0
vn 0 1 -0
vn 0 1 -0
vn 0 1 -0
vn 0 1 -0
vn 0 1 -0
vn 0 1 -0
vn 0 1 -0
vn 0 1 -0
vn 0 1 -0
vn 0 1 -0
vn 0 1 -0
vn 0 1 -0
vn 0 1 -0
vn 0 1 -0
vn 0 1 -0
vn 0 1 -0
vn 0 1 -0
vn 0 1 -0
vn 0 1 -0
vn 0 1 -0
vn 0 1 -0
vn 0 1 -0
vn 0 1 -0
vn 0 1 -0
vn 0 1 -0
vn 0 1 -0
vn 0 1 -0
vn 0 1 -0
vn 0 1 -0
vn 0 1 -0
vn 0 1 -0
vn 0 1 -0
vn 0 1 -0
vn 0 1 -0
vn 0 1 -0
vn 0 1 -0
vn 0 1 -0
vn 0 1 -0
vn 0.56768 0 -0.823249
vn 0.56768 0 -0.823249
vn 0.56768 0 -0.823249
vn 0.56768 0 -0.823249
vn 0.56768 0 -0.823249
vn 0.56768 0 -0.823249
vn 0.94316 0 -0.332339
vn 0.94316 0 -0.332339
vn 0.94316 0 -0.332339
vn 0.94316 0 -0.332339
vn 0.94316 0 -0.332339
vn 0.94316 0 -0.332339
vn 0.958382 0 0.285488
vn 0.958382 0 0.285488
vn 0.958382 0 0.285488
vn 0.958382 0 0.285488
vn 0.958382 0 0.285488
vn 0.958382 0 0.285488
vn 0.607515 0 0.794308
vn 0.607515 0 0.794308
vn 0.607515 0 0.794308
vn 0.607515 0 0.794308
vn 0.607515 0 0.794308
vn 0.607515 0 0.794308
vn 0.0246181 0 0.999697
vn 0.0246181 0 0.999697
vn 0.0246181 0 0.999697
vn 0.0246181 0 0.999697
vn 0.0246181 0 0.999697
vn 0.0246181 0 0.999697
vn -0.567694 0 0.823239
vn -0.567694 0 0.823239
vn -0.567694 0 0.823239
vn -0.567694 0 0.823239
vn -0.567694 0 0.823239
vn -0.567694 0 0.823239
vn -0.943153 0 0.332358
vn -0.943153 0 0.332358
vn -0.943153 0 0.332358
vn -0.943153 0 0.332358
vn -0.943153 0 0.332358
vn -0.943153 0 0.332358
vn -0.958375 0 -0.285514
vn -0.958375 0 -0.285514
vn -0.958375 0 -0.285514
vn -0.958375 0 -0.285514
vn -0.958375 0 -0.285514
vn -0.958375 0 -0.285514
vn -0.607521 0 -0.794303
vn -0.607521 0 -0.794303
vn -0.607521 0 -0.794303
vn -0.607521 0 -0.794303
vn -0.607521 0 -0.794303
vn -0.607521 0 -0.794303
vn -0.0246187 0 -0.999697
vn -0.0246187 0 -0.999697
vn -0.0246187 0 -0.999697
vn -0.0246187 0 -0.999697
vn -0.0246187 0 -0.999697
vn -0.0246187 0 -0.999697
vn 0 1 -0
vn 0 1 -0
vn 0 1 -0
vn 0 1 -0
vn 0 1 -0
vn 0 1 -0
vn 0 1 -0
vn 0 1 -0
vn 0 1 -0
vn 0 1 -0
vn 0 1 -0
vn 0 1 -0
vn 0 1 -0
vn 0 1 -0
vn 0 1 -0
vn 0 1 -0
vn 0 1 -0
vn 0 1 -0
vn 0 1 -0
vn 0 1 -0
vn 0 1 -0
vn 0 1 -0
vn 0 1 -0
vn 0 1 -0
vn 0 1 -0
vn 0 1 -0
vn 0 1 -0
vn 0 1 -0
vn 0 1 -0
vn 0 1 -0
vn 0 1 -0
vn 0 1 -0
vn 0 1 -0
vn 0 1 -0
vn 0 1 -0
vn 0 1 -0
vn 0 1 -0
vn 0 1 -0
vn 0 1 -0
vn 0 1 -0
vn 0 1 -0
vn 0 1 -0
vn 0 1 -0
vn 0 1 -0
vn 0 1 -0
vn 0 1 -0
vn 0 1 -0
vn 0 1 -0
vn 0 1 -0
vn 0 1 -0
vn 0 1 -0
vn 0 1 -0
vn 0 1 -0
vn 0 1 -0
vn 0 1 -0
vn 0 1 -0
vn 0 1 -0
vn 0 1 -0
vn 0 1 -0
vn 0 1 -0
vn -0.607517 0 -0.794307
vn -0.607517 0 -0.794307
vn -0.607517 0 -0.794307
vn -0.607517 0 -0.794307
vn -0.607517 0 -0.794307
vn -0.607517 0 -0.794307
vn -0.958378 0 -0.285501
vn -0.958378 0 -0.285501
vn -0.958378 0 -0.285501
vn -0.958378 0 -0.285501
vn -0.958378 0 -0.285501
vn -0.958378 0 -0.285501
vn -0.943156 0 0.33235
vn -0.943156 0 0.33235
vn -0.943156 0 0.33235
vn -0.943156 0 0.33235
vn -0.943156 0 0.33235
vn -0.943156 0 0.33235
vn -0.567704 0 0.823233
vn -0.567704 0 0.823233
vn -0.567704 0 0.823233
vn -0.567704 0 0.823233
vn -0.567704 0 0.823233
vn -0.567704 0 0.823233
vn 0.0246659 0 0.999696
vn 0.0246659 0 0.999696
vn 0.0246659 0 0.999696
vn 0.0246659 0 0.999696
vn 0.0246659 0 0.999696
vn 0.0246659 0 0.999696
vn 0.607531 0 0.794296
vn 0.607531 0 0.794296
vn 0.607531 0 0.794296
vn 0.607531 0 0.794296
vn 0.607531 0 0.794296
vn 0.607531 0 0.794296
vn 0.958377 0 0.285507
vn 0.958377 0 0.285507
vn 0.958377 0 0.285507
vn 0.958377 0 0.285507
vn 0.958377 0 0.285507
vn 0.958377 0 0.285507
vn 0.943156 0 -0.33235
vn 0.943156 0 -0.33235
vn 0.943156 0 -0.33235
vn 0.943156 0 -0.33235
vn 0.943156 0 -0.33235
vn 0.943156 0 -0.33235
vn 0.567708 0 -0.82323
vn 0.567708 0 -0.82323
vn 0.567708 0 -0.82323
vn 0.567708 0 -0.82323
vn 0.567708 0 -0.82323
vn 0.567708 0 -0.82323
vn -0.0246657 0 -0.999696
vn -0.0246657 0 -0.999696
vn -0.0246657 0 -0.999696
vn -0.0246657 0 -0.999696
vn -0.0246657 0 -0.999696
vn -0.0246657 0 -0.999696
vn 0 -1 -0
vn 0 -1 -0
vn 0 -1 -0
vn 0 -1 -0
vn 0 -1 -0
vn 0 -1 -0
vn 0 -1 -0
vn 0 -1 -0
vn 0 -1 -0
vn 0 -1 -0
vn 0 -1 -0
vn 0 -1 -0
vn 0 -1 -0
vn 0 -1 -0
vn 0 -1 -0
vn 0 -1 -0
vn 0 -1 -0
vn 0 -1 -0
vn 0 -1 -0
vn 0 -1 -0
vn 0 -1 -0
vn 0 -1 -0
vn 0 -1 -0
vn 0 -1 -0
vn 0.566023 -0.0766317 -0.82082
vn 0.566038 -0.0766373 -0.820809
vn 0.566023 -0.0766317 -0.82082
vn 0.566009 -0.0766261 -0.820831
vn 0.566023 -0.0766317 -0.82082
vn 0.566023 -0.0766317 -0.82082
vn 0.940384 -0.0766305 -0.331371
vn 0.940383 -0.0766297 -0.331373
vn 0.940384 -0.0766305 -0.331371
vn 0.940384 -0.0766312 -0.331369
vn 0.940384 -0.0766305 -0.331371
vn 0.940384 -0.0766305 -0.331371
vn 0.955558 -0.0766323 0.28467
vn 0.955558 -0.0766316 0.284668
vn 0.955558 -0.0766323 0.28467
vn 0.955557 -0.076633 0.284672
vn 0.955558 -0.0766323 0.28467
vn 0.955558 -0.0766323 0.28467
vn 0.605743 -0.0766352 0.791961
vn 0.605744 -0.0766349 0.79196
vn 0.605743 -0.0766352 0.791961
vn 0.605742 -0.0766356 0.791962
vn 0.605743 -0.0766352 0.791961
vn 0.605743 -0.0766352 0.791961
vn 0.0245698 -0.0766302 0.996757
vn 0.0245933 -0.076623 0.996757
vn 0.0245698 -0.0766302 0.996757
vn 0.0245463 -0.0766374 0.996757
vn 0.0245698 -0.0766302 0.996757
vn 0.0245698 -0.0766302 0.996757
vn -0.566025 -0.0766309 0.820819
vn -0.566035 -0.0766347 0.820812
vn -0.566025 -0.0766309 0.820819
vn -0.566015 -0.0766271 0.820826
vn -0.566025 -0.0766309 0.820819
vn -0.566025 -0.0766309 0.820819
vn -0.940385 -0.076632 0.331366
vn -0.940383 -0.0766297 0.331373
vn -0.940385 -0.076632 0.331366
vn -0.940387 -0.0766344 0.331359
vn -0.940385 -0.076632 0.331366
vn -0.940385 -0.076632 0.331366
vn -0.955562 -0.0766356 -0.284655
vn -0.95556 -0.0766377 -0.284662
vn -0.955562 -0.0766356 -0.284655
vn -0.955564 -0.0766336 -0.284649
vn -0.955562 -0.0766356 -0.284655
vn -0.955562 -0.0766356 -0.284655
vn -0.605725 -0.0766374 -0.791975
vn -0.60573 -0.0766353 -0.791971
vn -0.605725 -0.0766374 -0.791975
vn -0.605719 -0.0766395 -0.791979
vn -0.605725 -0.0766374 -0.791975
vn -0.605725 -0.0766374 -0.791975
vn -0.0245697 -0.0766303 -0.996757
vn -0.0245932 -0.0766231 -0.996757
vn -0.0245697 -0.0766303 -0.996757
vn -0.0245463 -0.0766374 -0.996757
vn -0.0245697 -0.0766303 -0.996757
vn -0.0245697 -0.0766303 -0.996757
vn -0.567595 0.0182432 0.823106
vn -0.567577 0.0182477 0.823118
vn -0.567595 0.0182432 0.823106
vn -0.567613 0.0182387 0.823093
vn -0.567595 0.0182432 0.823106
vn -0.567595 0.0182432 0.823106
vn -0.942999 0.0182429 0.332295
vn -0.942999 0.0182429 0.332295
vn -0.942999 0.0182429 0.332295
vn -0.942999 0.0182429 0.332295
vn -0.942999 0.0182429 0.332295
vn -0.942999 0.0182429 0.332295
vn -0.958219 0.0182412 -0.285453
vn -0.958221 0.0182426 -0.285447
vn -0.958219 0.0182412 -0.285453
vn -0.958217 0.0182398 -0.28546
vn -0.958219 0.0182412 -0.285453
vn -0.958219 0.0182412 -0.285453
vn -0.607423 0.0182418 -0.794169
vn -0.607417 0.0182402 -0.794174
vn -0.607423 0.0182418 -0.794169
vn -0.60743 0.0182435 -0.794164
vn -0.607423 0.0182418 -0.794169
vn -0.607423 0.0182418 -0.794169
vn -0.0246402 0.0182368 -0.99953
vn -0.0246186 0.0182323 -0.999531
vn -0.0246402 0.0182368 -0.99953
vn -0.0246618 0.0182413 -0.999529
vn -0.0246402 0.0182368 -0.99953
vn -0.0246402 0.0182368 -0.99953
vn 0.567585 0.0182415 -0.823112
vn 0.567561 0.0182476 -0.823129
vn 0.567585 0.0182415 -0.823112
vn 0.56761 0.0182353 -0.823096
vn 0.567585 0.0182415 -0.823112
vn 0.567585 0.0182415 -0.823112
vn 0.943 0.0182421 -0.332291
vn 0.943002 0.0182412 -0.332288
vn 0.943 0.0182421 -0.332291
vn 0.942999 0.0182429 -0.332295
vn 0.943 0.0182421 -0.332291
vn 0.943 0.0182421 -0.332291
vn 0.958219 0.0182413 0.285454
vn 0.958219 0.0182414 0.285453
vn 0.958219 0.0182413 0.285454
vn 0.958219 0.0182413 0.285454
vn 0.958219 0.0182413 0.285454
vn 0.958219 0.0182413 0.285454
vn 0.607416 0.01824 0.794174
vn 0.607417 0.0182402 0.794174
vn 0.607416 0.01824 0.794174
vn 0.607416 0.0182399 0.794175
vn 0.607416 0.01824 0.794174
vn 0.607416 0.01824 0.794174
vn 0.0246522 0.0182393 0.99953
vn 0.0246429 0.0182374 0.99953
vn 0.0246522 0.0182393 0.99953
vn 0.0246616 0.0182413 0.999529
vn 0.0246522 0.0182393 0.99953
vn 0.0246522 0.0182393 0.99953
vn 0 1 -0
vn 0 1 -0
vn 0 1 -0
vn 0 1 -0
vn 0 1 -0
vn 0 1 -0
vn 0 1 -0
vn 0 1 -0
vn 0 1 -0
vn 0 1 -0
vn 0 1 -0
vn 0 1 -0
vn 0 1 -0
vn 0 1 -0
vn 0 1 -0
vn 0 1 -0
vn 0 1 -0
vn 0 1 -0
vn 0 1 -0
vn 0 1 -0
vn 0 1 -0
vn 0 1 -0
vn 0 1 -0
vn 0 1 -0
vn -0.607527 0 -0.794299
vn -0.607527 0 -0.794299
vn -0.607527 0 -0.794299
vn -0.607527 0 -0.794299
vn -0.607527 0 -0.794299
vn -0.607527 0 -0.794299
vn -0.958379 0 -0.285501
vn -0.958379 0 -0.285501
vn -0.958379 0 -0.285501
vn -0.958379 0 -0.285501
vn -0.958379 0 -0.285501
vn -0.958379 0 -0.285501
vn -0.943158 0 0.332344
vn -0.943158 0 0.332344
vn -0.943158 0 0.332344
vn -0.943158 0 0.332344
vn -0.943158 0 0.332344
vn -0.943158 0 0.332344
vn -0.56771 0 0.823228
vn -0.56771 0 0.823228
vn -0.56771 0 0.823228
vn -0.56771 0 0.823228
vn -0.56771 0 0.823228
vn -0.56771 0 0.823228
vn 0.0246695 0 0.999696
vn 0.0246695 0 0.999696
vn 0.0246695 0 0.999696
vn 0.0246695 0 0.999696
vn 0.0246695 0 0.999696
vn 0.0246695 0 0.999696
vn 0.607531 0 0.794296
vn 0.607531 0 0.794296
vn 0.607531 0 0.794296
vn 0.607531 0 0.794296
vn 0.607531 0 0.794296
vn 0.607531 0 0.794296
vn 0.958378 0 0.285501
vn 0.958378 0 0.285501
vn 0.958378 0 0.285501
vn 0.958378 0 0.285501
vn 0.958378 0 0.285501
vn 0.958378 0 0.285501
vn 0.943156 0 -0.33235
vn 0.943156 0 -0.33235
vn 0.943156 0 -0.33235
vn 0.943156 0 -0.33235
vn 0.943156 0 -0.33235
vn 0.943156 0 -0.33235
vn 0.567708 0 -0.82323
vn 0.567708 0 -0.82323
vn 0.567708 0 -0.82323
vn 0.567708 0 -0.82323
vn 0.567708 0 -0.82323
vn 0.567708 0 -0.82323
vn -0.0246659 0 -0.999696
vn -0.0246659 0 -0.999696
vn -0.0246659 0 -0.999696
vn -0.0246659 0 -0.999696
vn -0.0246659 0 -0.999696
vn -0.0246659 0 -0.999696
vn 0 -1 -0
vn 0 -1 -0
vn 0 -1 -0
vn 0 -1 -0
vn 0 -1 -0
vn 0 -1 -0
vn 0 -1 -0
vn 0 -1 -0
vn 0 -1 -0
vn 0 -1 -0
vn 0 -1 -0
vn 0 -1 -0
vn 0 -1 -0
vn 0 -1 -0
vn 0 -1 -0
vn 0 -1 -0
vn 0 -1 -0
vn 0 -1 -0
vn 0 -1 -0
vn 0 -1 -0
vn 0 -1 -0
vn 0 -1 -0
vn 0 -1 -0
vn 0 -1 -0
vn 0.566032 -0.076629 -0.820814
vn 0.566038 -0.0766313 -0.820809
vn 0.566032 -0.076629 -0.820814
vn 0.566026 -0.0766268 -0.820818
vn 0.566032 -0.076629 -0.820814
vn 0.566032 -0.076629 -0.820814
vn 0.940383 -0.0766291 -0.331374
vn 0.940383 -0.0766293 -0.331373
vn 0.940383 -0.0766291 -0.331374
vn 0.940382 -0.0766289 -0.331374
vn 0.940383 -0.0766291 -0.331374
vn 0.940383 -0.0766291 -0.331374
vn 0.955558 -0.0766343 0.28467
vn 0.95556 -0.0766317 0.284662
vn 0.955558 -0.0766343 0.28467
vn 0.955555 -0.0766368 0.284678
vn 0.955558 -0.0766343 0.28467
vn 0.955558 -0.0766343 0.28467
vn 0.605736 -0.076633 0.791966
vn 0.605744 -0.07663 0.791961
vn 0.605736 -0.076633 0.791966
vn 0.605729 -0.076636 0.791972
vn 0.605736 -0.076633 0.791966
vn 0.605736 -0.076633 0.791966
vn 0.0245717 -0.0766235 0.996757
vn 0.024597 -0.0766157 0.996757
vn 0.0245717 -0.0766235 0.996757
vn 0.0245463 -0.0766312 0.996757
vn 0.0245717 -0.0766235 0.996757
vn 0.0245717 -0.0766235 0.996757
vn -0.566022 -0.0766286 0.820821
vn -0.566041 -0.0766358 0.820808
vn -0.566022 -0.0766286 0.820821
vn -0.566003 -0.0766215 0.820835
vn -0.566022 -0.0766286 0.820821
vn -0.566022 -0.0766286 0.820821
vn -0.940386 -0.0766333 0.331362
vn -0.940385 -0.0766319 0.331366
vn -0.940386 -0.0766333 0.331362
vn -0.940388 -0.0766347 0.331358
vn -0.940386 -0.0766333 0.331362
vn -0.940386 -0.0766333 0.331362
vn -0.955561 -0.0766364 -0.284658
vn -0.95556 -0.0766374 -0.284661
vn -0.955561 -0.0766364 -0.284658
vn -0.955562 -0.0766354 -0.284655
vn -0.955561 -0.0766364 -0.284658
vn -0.955561 -0.0766364 -0.284658
vn -0.605741 -0.0766397 -0.791962
vn -0.60574 -0.07664 -0.791963
vn -0.605741 -0.0766397 -0.791962
vn -0.605742 -0.0766393 -0.791961
vn -0.605741 -0.0766397 -0.791962
vn -0.605741 -0.0766397 -0.791962
vn -0.0245695 -0.0766303 -0.996757
vn -0.0245933 -0.076623 -0.996757
vn -0.0245695 -0.0766303 -0.996757
vn -0.0245457 -0.0766376 -0.996757
vn -0.0245695 -0.0766303 -0.996757
vn -0.0245695 -0.0766303 -0.996757
vn -0.567595 0.0182389 0.823106
vn -0.567577 0.0182435 0.823118
vn -0.567595 0.0182389 0.823106
vn -0.567613 0.0182344 0.823093
vn -0.567595 0.0182389 0.823106
vn -0.567595 0.0182389 0.823106
vn -0.942999 0.0182412 0.332295
vn -0.942999 0.0182412 0.332295
vn -0.942999 0.0182412 0.332295
vn -0.942999 0.0182412 0.332295
vn -0.942999 0.0182412 0.332295
vn -0.942999 0.0182412 0.332295
vn -0.958221 0.0182427 -0.285448
vn -0.958223 0.018244 -0.285441
vn -0.958221 0.0182427 -0.285448
vn -0.958219 0.0182413 -0.285454
vn -0.958221 0.0182427 -0.285448
vn -0.958221 0.0182427 -0.285448
vn -0.607422 0.0182423 -0.79417
vn -0.607414 0.0182402 -0.794176
vn -0.607422 0.0182423 -0.79417
vn -0.60743 0.0182444 -0.794164
vn -0.607422 0.0182423 -0.79417
vn -0.607422 0.0182423 -0.79417
vn -0.0246438 0.0182368 -0.99953
vn -0.0246222 0.0182323 -0.999531
vn -0.0246438 0.0182368 -0.99953
vn -0.0246654 0.0182413 -0.999529
vn -0.0246438 0.0182368 -0.99953
vn -0.0246438 0.0182368 -0.99953
vn 0.567595 0.0182396 -0.823106
vn 0.567574 0.0182449 -0.82312
vn 0.567595 0.0182396 -0.823106
vn 0.567616 0.0182344 -0.823092
vn 0.567595 0.0182396 -0.823106
vn 0.567595 0.0182396 -0.823106
vn 0.943001 0.0182429 -0.332289
vn 0.943001 0.018243 -0.332289
vn 0.943001 0.0182429 -0.332289
vn 0.943002 0.0182428 -0.332288
vn 0.943001 0.0182429 -0.332289
vn 0.943001 0.0182429 -0.332289
vn 0.958221 0.0182412 0.285447
vn 0.958223 0.0182426 0.28544
vn 0.958221 0.0182412 0.285447
vn 0.958219 0.0182398 0.285453
vn 0.958221 0.0182412 0.285447
vn 0.958221 0.0182412 0.285447
vn 0.607422 0.0182423 0.79417
vn 0.607417 0.0182411 0.794174
vn 0.607422 0.0182423 0.79417
vn 0.607426 0.0182435 0.794167
vn 0.607422 0.0182423 0.79417
vn 0.607422 0.0182423 0.79417
vn 0.0246402 0.0182368 0.99953
vn 0.0246186 0.0182324 0.999531
vn 0.0246402 0.0182368 0.99953
vn 0.0246618 0.0182413 0.999529
vn 0.0246402 0.0182368 0.99953
vn 0.0246402 0.0182368 0.99953
vn 0 1 -0
vn 0 1 -0
vn 0 1 -0
vn 0 1 -0
vn 0 1 -0
vn 0 1 -0
vn 0 1 -0
vn 0 1 -0
vn 0 1 -0
vn 0 1 -0
vn 0 1 -0
vn 0 1 -0
vn 0 1 -0
vn 0 1 -0
vn 0 1 -0
vn 0 1 -0
vn 0 1 -0
vn 0 1 -0
vn 0 1 -0
vn 0 1 -0
vn 0 1 -0
vn 0 1 -0
vn 0 1 -0
vn 0 1 -0
vn -0.607513 0 -0.794309
vn -0.607513 0 -0.794309
vn -0.607513 0 -0.794309
vn -0.607513 0 -0.794309
vn -0.607513 0 -0.794309
vn -0.607513 0 -0.794309
vn -0.95838 0 -0.285495
vn -0.95838 0 -0.285495
vn -0.95838 0 -0.285495
vn -0.95838 0 -0.285495
vn -0.95838 0 -0.285495
vn -0.95838 0 -0.285495
vn -0.943156 0 0.33235
vn -0.943156 0 0.33235
vn -0.943156 0 0.33235
vn -0.943156 0 0.33235
vn -0.943156 0 0.33235
vn -0.943156 0 0.33235
vn -0.567708 0 0.82323
vn -0.567708 0 0.82323
vn -0.567708 0 0.82323
vn -0.567708 0 0.82323
vn -0.567708 0 0.82323
vn -0.567708 0 0.82323
vn 0.0246659 0 0.999696
vn 0.0246659 0 0.999696
vn 0.0246659 0 0.999696
vn 0.0246659 0 0.999696
vn 0.0246659 0 0.999696
vn 0.0246659 0 0.999696
vn 0.607531 0 0.794296
vn 0.607531 0 0.794296
vn 0.607531 0 0.794296
vn 0.607531 0 0.794296
vn 0.607531 0 0.794296
vn 0.607531 0 0.794296
vn 0.958377 0 0.285507
vn 0.958377 0 0.285507
vn 0.958377 0 0.285507
vn 0.958377 0 0.285507
vn 0.958377 0 0.285507
vn 0.958377 0 0.285507
vn 0.943156 0 -0.33235
vn 0.943156 0 -0.33235
vn 0.943156 0 -0.33235
vn 0.943156 0 -0.33235
vn 0.943156 0 -0.33235
vn 0.943156 0 -0.33235
vn 0.567708 0 -0.82323
vn 0.567708 0 -0.82323
vn 0.567708 0 -0.82323
vn 0.567708 0 -0.82323
vn 0.567708 0 -0.82323
vn 0.567708 0 -0.82323
vn -0.0246659 0 -0.999696
vn -0.0246659 0 -0.999696
vn -0.0246659 0 -0.999696
vn -0.0246659 0 -0.999696
vn -0.0246659 0 -0.999696
vn -0.0246659 0 -0.999696
vn 0 -1 -0
vn 0 -1 -0
vn 0 -1 -0
vn 0 -1 -0
vn 0 -1 -0
vn 0 -1 -0
vn 0 -1 -0
vn 0 -1 -0
vn 0 -1 -0
vn 0 -1 -0
vn 0 -1 -0
vn 0 -1 -0
vn 0 -1 -0
vn 0 -1 -0
vn 0 -1 -0
vn 0 -1 -0
vn 0 -1 -0
vn 0 -1 -0
vn 0 -1 -0
vn 0 -1 -0
vn 0 -1 -0
vn 0 -1 -0
vn 0 -1 -0
vn 0 -1 -0
vn 0.566025 -0.0766322 -0.820819
vn 0.566038 -0.0766373 -0.820809
vn 0.566025 -0.0766322 -0.820819
vn 0.566012 -0.0766272 -0.820828
vn 0.566025 -0.0766322 -0.820819
vn 0.566025 -0.0766322 -0.820819
vn 0.940382 -0.0766315 -0.331374
vn 0.940383 -0.0766317 -0.331373
vn 0.940382 -0.0766315 -0.331374
vn 0.940382 -0.0766313 -0.331374
vn 0.940382 -0.0766315 -0.331374
vn 0.940382 -0.0766315 -0.331374
vn 0.955557 -0.0766332 0.284673
vn 0.955558 -0.0766316 0.284668
vn 0.955557 -0.0766332 0.284673
vn 0.955555 -0.0766348 0.284678
vn 0.955557 -0.0766332 0.284673
vn 0.955557 -0.0766332 0.284673
vn 0.605743 -0.0766352 0.791961
vn 0.605744 -0.0766349 0.79196
vn 0.605743 -0.0766352 0.791961
vn 0.605742 -0.0766356 0.791962
vn 0.605743 -0.0766352 0.791961
vn 0.605743 -0.0766352 0.791961
vn 0.0245698 -0.0766302 0.996757
vn 0.0245933 -0.076623 0.996757
vn 0.0245698 -0.0766302 0.996757
vn 0.0245463 -0.0766374 0.996757
vn 0.0245698 -0.0766302 0.996757
vn 0.0245698 -0.0766302 0.996757
vn -0.566028 -0.0766309 0.820817
vn -0.566038 -0.0766348 0.820809
vn -0.566028 -0.0766309 0.820817
vn -0.566018 -0.076627 0.820824
vn -0.566028 -0.0766309 0.820817
vn -0.566028 -0.0766309 0.820817
vn -0.940384 -0.0766331 0.331369
vn -0.940383 -0.0766317 0.331373
vn -0.940384 -0.0766331 0.331369
vn -0.940385 -0.0766345 0.331364
vn -0.940384 -0.0766331 0.331369
vn -0.940384 -0.0766331 0.331369
vn -0.955563 -0.0766365 -0.284652
vn -0.955562 -0.0766375 -0.284655
vn -0.955563 -0.0766365 -0.284652
vn -0.955564 -0.0766355 -0.284649
vn -0.955563 -0.0766365 -0.284652
vn -0.955563 -0.0766365 -0.284652
vn -0.605727 -0.0766401 -0.791973
vn -0.605727 -0.0766405 -0.791973
vn -0.605727 -0.0766401 -0.791973
vn -0.605728 -0.0766397 -0.791972
vn -0.605727 -0.0766401 -0.791973
vn -0.605727 -0.0766401 -0.791973
vn -0.0245695 -0.0766303 -0.996757
vn -0.0245933 -0.076623 -0.996757
vn -0.0245695 -0.0766303 -0.996757
vn -0.0245457 -0.0766376 -0.996757
vn -0.0245695 -0.0766303 -0.996757
vn -0.0245695 -0.0766303 -0.996757
vn -0.567595 0.0182432 0.823106
vn -0.567577 0.0182477 0.823118
vn -0.567595 0.0182432 0.823106
vn -0.567613 0.0182387 0.823093
vn -0.567595 0.0182432 0.823106
vn -0.567595 0.0182432 0.823106
vn -0.942999 0.0182429 0.332295
vn -0.942999 0.0182429 0.332295
vn -0.942999 0.0182429 0.332295
vn -0.942999 0.0182429 0.332295
vn -0.942999 0.0182429 0.332295
vn -0.942999 0.0182429 0.332295
vn -0.95822 0.0182419 -0.28545
vn -0.958223 0.018244 -0.28544
vn -0.95822 0.0182419 -0.28545
vn -0.958217 0.0182398 -0.28546
vn -0.95822 0.0182419 -0.28545
vn -0.95822 0.0182419 -0.28545
vn -0.607422 0.0182423 -0.79417
vn -0.607414 0.0182402 -0.794176
vn -0.607422 0.0182423 -0.79417
vn -0.60743 0.0182444 -0.794164
vn -0.607422 0.0182423 -0.79417
vn -0.607422 0.0182423 -0.79417
vn -0.0246403 0.0182368 -0.99953
vn -0.0246188 0.0182324 -0.999531
vn -0.0246403 0.0182368 -0.99953
vn -0.0246618 0.0182413 -0.999529
vn -0.0246403 0.0182368 -0.99953
vn -0.0246403 0.0182368 -0.99953
vn 0.567585 0.0182414 -0.823112
vn 0.567558 0.0182484 -0.823132
vn 0.567585 0.0182414 -0.823112
vn 0.567613 0.0182344 -0.823093
vn 0.567585 0.0182414 -0.823112
vn 0.567585 0.0182414 -0.823112
vn 0.943002 0.0182428 -0.332288
vn 0.943004 0.0182413 -0.332281
vn 0.943002 0.0182428 -0.332288
vn 0.942999 0.0182443 -0.332295
vn 0.943002 0.0182428 -0.332288
vn 0.943002 0.0182428 -0.332288
vn 0.958221 0.0182413 0.285447
vn 0.958221 0.0182414 0.285447
vn 0.958221 0.0182413 0.285447
vn 0.958221 0.0182413 0.285447
vn 0.958221 0.0182413 0.285447
vn 0.958221 0.0182413 0.285447
vn 0.607415 0.0182405 0.794176
vn 0.607417 0.0182411 0.794174
vn 0.607415 0.0182405 0.794176
vn 0.607412 0.0182398 0.794177
vn 0.607415 0.0182405 0.794176
vn 0.607415 0.0182405 0.794176
vn 0.0246523 0.0182394 0.99953
vn 0.0246429 0.0182374 0.99953
vn 0.0246523 0.0182394 0.99953
vn 0.0246618 0.0182413 0.999529
vn 0.0246523 0.0182394 0.99953
vn 0.0246523 0.0182394 0.99953
vn 0 1 -0
vn 0 1 -0
vn 0 1 -0
vn 0 1 -0
vn 0 1 -0
vn 0 1 -0
vn 0 1 -0
vn 0 1 -0
vn 0 1 -0
vn 0 1 -0
vn 0 1 -0
vn 0 1 -0
vn 0 1 -0
vn 0 1 -0
vn 0 1 -0
vn 0 1 -0
vn 0 1 -0
vn 0 1 -0
vn 0 1 -0
vn 0 1 -0
vn 0 1 -0
vn 0 1 -0
vn 0 1 -0
vn 0 1 -0
vn 0.79429 1.80668e-005 -0.607538
vn 0.794277 3.61336e-005 -0.607556
vn 0.79429 1.80668e-005 -0.607538
vn 0.794304 0 -0.607521
vn 0.79429 1.80668e-005 -0.607538
vn 0.79429 1.80668e-005 -0.607538
vn 0.285492 2.84734e-005 -0.958381
vn 0.285526 0 -0.958371
vn 0.285492 2.84734e-005 -0.958381
vn 0.285458 5.69468e-005 -0.958391
vn 0.285492 2.84734e-005 -0.958381
vn 0.285492 2.84734e-005 -0.958381
vn -0.332324 0 -0.943165
vn -0.332324 0 -0.943165
vn -0.332324 0 -0.943165
vn -0.332324 0 -0.943165
vn -0.332324 0 -0.943165
vn -0.332324 0 -0.943165
vn -0.823247 0 -0.567683
vn -0.823247 0 -0.567683
vn -0.823247 0 -0.567683
vn -0.823247 0 -0.567683
vn -0.823247 0 -0.567683
vn -0.823247 0 -0.567683
vn -0.999697 0 0.0246217
vn -0.999697 0 0.0246217
vn -0.999697 0 0.0246217
vn -0.999697 0 0.0246217
vn -0.999697 0 0.0246217
vn -0.999697 0 0.0246217
vn -0.794293 0 0.607535
vn -0.794293 0 0.607535
vn -0.794293 0 0.607535
vn -0.794293 0 0.607535
vn -0.794293 0 0.607535
vn -0.794293 0 0.607535
vn -0.285464 0 0.958389
vn -0.285464 0 0.958389
vn -0.285464 0 0.958389
vn -0.285464 0 0.958389
vn -0.285464 0 0.958389
vn -0.285464 0 0.958389
vn 0.332317 0 0.943168
vn 0.332317 0 0.943168
vn 0.332317 0 0.943168
vn 0.332317 0 0.943168
vn 0.332317 0 0.943168
vn 0.332317 0 0.943168
vn 0.823261 0 0.567663
vn 0.823261 0 0.567663
vn 0.823261 0 0.567663
vn 0.823261 0 0.567663
vn 0.823261 0 0.567663
vn 0.823261 0 0.567663
vn 0.999697 0 -0.0246144
vn 0.999697 0 -0.0246144
vn 0.999697 0 -0.0246144
vn 0.999697 0 -0.0246144
vn 0.999697 0 -0.0246144
vn 0.999697 0 -0.0246144
vn 0 -1 -0
vn 0 -1 -0
vn 0 -1 -0
vn 0 -1 -0
vn 0 -1 -0
vn 0 -1 -0
vn 0 -1 -0
vn 0 -1 -0
vn 0 -1 -0
vn 0 -1 -0
vn 0 -1 -0
vn 0 -1 -0
vn 0 -1 -0
vn 0 -1 -0
vn 0 -1 -0
vn 0 -1 -0
vn 0 -1 -0
vn 0 -1 -0
vn 0 -1 -0
vn 0 -1 -0
vn 0 -1 -0
vn 0 -1 -0
vn 0 -1 -0
vn 0 -1 -0
vn 0.820835 -0.0766309 0.566001
vn 0.82084 -0.0766283 0.565994
vn 0.820835 -0.0766309 0.566001
vn 0.82083 -0.0766335 0.566008
vn 0.820835 -0.0766309 0.566001
vn 0.820835 -0.0766309 0.566001
vn 0.331342 -0.0766327 0.940393
vn 0.33134 -0.0766336 0.940394
vn 0.331342 -0.0766327 0.940393
vn 0.331345 -0.0766319 0.940393
vn 0.331342 -0.0766327 0.940393
vn 0.331342 -0.0766327 0.940393
vn -0.284631 -0.076631 0.955569
vn -0.284625 -0.076629 0.955571
vn -0.284631 -0.076631 0.955569
vn -0.284638 -0.076633 0.955567
vn -0.284631 -0.076631 0.955569
vn -0.284631 -0.076631 0.955569
vn -0.791964 -0.076628 0.60574
vn -0.791958 -0.0766249 0.605748
vn -0.791964 -0.076628 0.60574
vn -0.79197 -0.0766311 0.605732
vn -0.791964 -0.076628 0.60574
vn -0.791964 -0.076628 0.60574
vn -0.996757 -0.0766279 0.0245572
vn -0.996757 -0.0766303 0.0245493
vn -0.996757 -0.0766279 0.0245572
vn -0.996757 -0.0766255 0.0245651
vn -0.996757 -0.0766279 0.0245572
vn -0.996757 -0.0766279 0.0245572
vn -0.820823 -0.0766297 -0.566018
vn -0.820827 -0.0766281 -0.566014
vn -0.820823 -0.0766297 -0.566018
vn -0.82082 -0.0766313 -0.566023
vn -0.820823 -0.0766297 -0.566018
vn -0.820823 -0.0766297 -0.566018
vn -0.331363 -0.0766281 -0.940386
vn -0.331347 -0.0766334 -0.940392
vn -0.331363 -0.0766281 -0.940386
vn -0.331379 -0.0766229 -0.940381
vn -0.331363 -0.0766281 -0.940386
vn -0.331363 -0.0766281 -0.940386
vn 0.284663 -0.0766405 -0.955559
vn 0.284686 -0.076648 -0.955552
vn 0.284663 -0.0766405 -0.955559
vn 0.284639 -0.076633 -0.955567
vn 0.284663 -0.0766405 -0.955559
vn 0.284663 -0.0766405 -0.955559
vn 0.791949 -0.0766334 -0.605759
vn 0.791941 -0.0766292 -0.60577
vn 0.791949 -0.0766334 -0.605759
vn 0.791957 -0.0766376 -0.605748
vn 0.791949 -0.0766334 -0.605759
vn 0.791949 -0.0766334 -0.605759
vn 0.996757 -0.0766319 -0.0245442
vn 0.996757 -0.0766325 -0.024542
vn 0.996757 -0.0766319 -0.0245442
vn 0.996757 -0.0766312 -0.0245464
vn 0.996757 -0.0766319 -0.0245442
vn 0.996757 -0.0766319 -0.0245442
vn -0.823112 0.0182425 -0.567586
vn -0.8231 0.0182381 -0.567604
vn -0.823112 0.0182425 -0.567586
vn -0.823124 0.0182468 -0.567569
vn -0.823112 0.0182425 -0.567586
vn -0.823112 0.0182425 -0.567586
vn -0.332284 0.0182406 -0.943003
vn -0.332307 0.0182456 -0.942995
vn -0.332284 0.0182406 -0.943003
vn -0.332262 0.0182356 -0.943011
vn -0.332284 0.0182406 -0.943003
vn -0.332284 0.0182406 -0.943003
vn 0.285434 0.018242 -0.958225
vn 0.28545 0.0182384 -0.95822
vn 0.285434 0.018242 -0.958225
vn 0.285417 0.0182456 -0.95823
vn 0.285434 0.018242 -0.958225
vn 0.285434 0.018242 -0.958225
vn 0.794172 0.0182371 -0.607419
vn 0.794183 0.0182334 -0.607405
vn 0.794172 0.0182371 -0.607419
vn 0.794161 0.0182408 -0.607434
vn 0.794172 0.0182371 -0.607419
vn 0.794172 0.0182371 -0.607419
vn 0.999531 0.0182365 -0.0246216
vn 0.99953 0.0182374 -0.0246255
vn 0.999531 0.0182365 -0.0246216
vn 0.999531 0.0182357 -0.0246176
vn 0.999531 0.0182365 -0.0246216
vn 0.999531 0.0182365 -0.0246216
vn 0.823109 0.0182419 0.56759
vn 0.823108 0.0182417 0.567591
vn 0.823109 0.0182419 0.56759
vn 0.82311 0.0182422 0.567589
vn 0.823109 0.0182419 0.56759
vn 0.823109 0.0182419 0.56759
vn 0.332289 0.0182417 0.943001
vn 0.33231 0.0182462 0.942994
vn 0.332289 0.0182417 0.943001
vn 0.332269 0.0182371 0.943009
vn 0.332289 0.0182417 0.943001
vn 0.332289 0.0182417 0.943001
vn -0.285453 0.0182372 0.958219
vn -0.285495 0.0182282 0.958207
vn -0.285453 0.0182372 0.958219
vn -0.285411 0.0182463 0.958232
vn -0.285453 0.0182372 0.958219
vn -0.285453 0.0182372 0.958219
vn -0.794164 0.018234 0.60743
vn -0.794156 0.0182367 0.60744
vn -0.794164 0.018234 0.60743
vn -0.794172 0.0182314 0.60742
vn -0.794164 0.018234 0.60743
vn -0.794164 0.018234 0.60743
vn -0.99953 0.0182417 0.024618
vn -0.99953 0.0182433 0.0246256
vn -0.99953 0.0182417 0.024618
vn -0.999531 0.0182401 0.0246103
vn -0.99953 0.0182417 0.024618
vn -0.99953 0.0182417 0.024618
vn 0 1 -0
vn 0 1 -0
vn 0 1 -0
vn 0 1 -0
vn 0 1 -0
vn 0 1 -0
vn 0 1 -0
vn 0 1 -0
vn 0 1 -0
vn 0 1 -0
vn 0 1 -0
vn 0 1 -0
vn 0 1 -0
vn 0 1 -0
vn 0 1 -0
vn 0 1 -0
vn 0 1 -0
vn 0 1 -0
vn 0 1 -0
vn 0 1 -0
vn 0 1 -0
vn 0 1 -0
vn 0 1 -0
vn 0 1 -0
vn -0.607531 0 -0.794296
vn -0.607531 0 -0.794296
vn -0.607531 0 -0.794296
vn -0.607531 0 -0.794296
vn -0.607531 0 -0.794296
vn -0.607531 0 -0.794296
vn -0.958378 0 -0.285501
vn -0.958378 0 -0.285501
vn -0.958378 0 -0.285501
vn -0.958378 0 -0.285501
vn -0.958378 0 -0.285501
vn -0.958378 0 -0.285501
vn -0.943159 -8.40644e-006 0.332341
vn -0.943163 -1.68129e-005 0.332331
vn -0.943159 -8.40644e-006 0.332341
vn -0.943156 0 0.33235
vn -0.943159 -8.40644e-006 0.332341
vn -0.943159 -8.40644e-006 0.332341
vn -0.567715 -5.06e-006 0.823225
vn -0.56771 0 0.823228
vn -0.567715 -5.06e-006 0.823225
vn -0.567721 -1.012e-005 0.823221
vn -0.567715 -5.06e-006 0.823225
vn -0.567715 -5.06e-006 0.823225
vn 0.024669 0 0.999696
vn 0.024669 0 0.999696
vn 0.024669 0 0.999696
vn 0.024669 0 0.999696
vn 0.024669 0 0.999696
vn 0.024669 0 0.999696
vn 0.607527 0 0.794299
vn 0.607527 0 0.794299
vn 0.607527 0 0.794299
vn 0.607527 0 0.794299
vn 0.607527 0 0.794299
vn 0.607527 0 0.794299
vn 0.958376 0 0.285508
vn 0.958376 0 0.285508
vn 0.958376 0 0.285508
vn 0.958376 0 0.285508
vn 0.958376 0 0.285508
vn 0.958376 0 0.285508
vn 0.943154 0 -0.332357
vn 0.943154 0 -0.332357
vn 0.943154 0 -0.332357
vn 0.943154 0 -0.332357
vn 0.943154 0 -0.332357
vn 0.943154 0 -0.332357
vn 0.567725 0 -0.823218
vn 0.567725 0 -0.823218
vn 0.567725 0 -0.823218
vn 0.567725 0 -0.823218
vn 0.567725 0 -0.823218
vn 0.567725 0 -0.823218
vn -0.0246659 0 -0.999696
vn -0.0246659 0 -0.999696
vn -0.0246659 0 -0.999696
vn -0.0246659 0 -0.999696
vn -0.0246659 0 -0.999696
vn -0.0246659 0 -0.999696
vn 0 -1 -0
vn 0 -1 -0
vn 0 -1 -0
vn 0 -1 -0
vn 0 -1 -0
vn 0 -1 -0
vn 0 -1 -0
vn 0 -1 -0
vn 0 -1 -0
vn 0 -1 -0
vn 0 -1 -0
vn 0 -1 -0
vn 0 -1 -0
vn 0 -1 -0
vn 0 -1 -0
vn 0 -1 -0
vn 0 -1 -0
vn 0 -1 -0
vn 0 -1 -0
vn 0 -1 -0
vn 0 -1 -0
vn 0 -1 -0
vn 0 -1 -0
vn 0 -1 -0
vn 0.566028 -0.0766274 -0.820817
vn 0.566056 -0.0766378 -0.820797
vn 0.566028 -0.0766274 -0.820817
vn 0.566 -0.0766169 -0.820837
vn 0.566028 -0.0766274 -0.820817
vn 0.566028 -0.0766274 -0.820817
vn 0.940386 -0.0766263 -0.331366
vn 0.940381 -0.0766218 -0.33138
vn 0.940386 -0.0766263 -0.331366
vn 0.94039 -0.0766307 -0.331352
vn 0.940386 -0.0766263 -0.331366
vn 0.940386 -0.0766263 -0.331366
vn 0.95556 -0.0766277 0.284662
vn 0.955558 -0.0766299 0.284669
vn 0.95556 -0.0766277 0.284662
vn 0.955563 -0.0766255 0.284655
vn 0.95556 -0.0766277 0.284662
vn 0.95556 -0.0766277 0.284662
vn 0.605742 -0.0766355 0.791962
vn 0.605741 -0.0766358 0.791963
vn 0.605742 -0.0766355 0.791962
vn 0.605742 -0.0766352 0.791962
vn 0.605742 -0.0766355 0.791962
vn 0.605742 -0.0766355 0.791962
vn 0.0245714 -0.0766308 0.996757
vn 0.0245965 -0.0766231 0.996757
vn 0.0245714 -0.0766308 0.996757
vn 0.0245463 -0.0766385 0.996757
vn 0.0245714 -0.0766308 0.996757
vn 0.0245714 -0.0766308 0.996757
vn -0.566029 -0.0766279 0.820816
vn -0.566041 -0.0766322 0.820808
vn -0.566029 -0.0766279 0.820816
vn -0.566018 -0.0766235 0.820824
vn -0.566029 -0.0766279 0.820816
vn -0.566029 -0.0766279 0.820816
vn -0.940388 -0.0766306 0.331359
vn -0.94039 -0.0766322 0.331354
vn -0.940388 -0.0766306 0.331359
vn -0.940386 -0.076629 0.331364
vn -0.940388 -0.0766306 0.331359
vn -0.940388 -0.0766306 0.331359
vn -0.955562 -0.0766374 -0.284656
vn -0.95556 -0.0766394 -0.284662
vn -0.955562 -0.0766374 -0.284656
vn -0.955563 -0.0766355 -0.28465
vn -0.955562 -0.0766374 -0.284656
vn -0.955562 -0.0766374 -0.284656
vn -0.605736 -0.0766369 -0.791966
vn -0.605744 -0.0766337 -0.79196
vn -0.605736 -0.0766369 -0.791966
vn -0.605727 -0.0766401 -0.791973
vn -0.605736 -0.0766369 -0.791966
vn -0.605736 -0.0766369 -0.791966
vn -0.0245684 -0.0766237 -0.996757
vn -0.0245934 -0.076616 -0.996757
vn -0.0245684 -0.0766237 -0.996757
vn -0.0245433 -0.0766313 -0.996757
vn -0.0245684 -0.0766237 -0.996757
vn -0.0245684 -0.0766237 -0.996757
vn -0.567602 0.0182414 0.823101
vn -0.567574 0.0182486 0.82312
vn -0.567602 0.0182414 0.823101
vn -0.567631 0.0182343 0.823081
vn -0.567602 0.0182414 0.823101
vn -0.567602 0.0182414 0.823101
vn -0.943002 0.0182411 0.332287
vn -0.943008 0.0182377 0.332271
vn -0.943002 0.0182411 0.332287
vn -0.942997 0.0182444 0.332302
vn -0.943002 0.0182411 0.332287
vn -0.943002 0.0182411 0.332287
vn -0.958219 0.0182354 -0.285454
vn -0.958221 0.0182369 -0.285447
vn -0.958219 0.0182354 -0.285454
vn -0.958217 0.0182339 -0.285461
vn -0.958219 0.0182354 -0.285454
vn -0.958219 0.0182354 -0.285454
vn -0.607428 0.0182404 -0.794165
vn -0.60743 0.018241 -0.794164
vn -0.607428 0.0182404 -0.794165
vn -0.607426 0.0182399 -0.794167
vn -0.607428 0.0182404 -0.794165
vn -0.607428 0.0182404 -0.794165
vn -0.0246435 0.0182369 -0.99953
vn -0.0246221 0.0182325 -0.999531
vn -0.0246435 0.0182369 -0.99953
vn -0.0246649 0.0182413 -0.999529
vn -0.0246435 0.0182369 -0.99953
vn -0.0246435 0.0182369 -0.99953
vn 0.567602 0.0182379 -0.823101
vn 0.567577 0.0182441 -0.823118
vn 0.567602 0.0182379 -0.823101
vn 0.567626 0.0182318 -0.823085
vn 0.567602 0.0182379 -0.823101
vn 0.567602 0.0182379 -0.823101
vn 0.942999 0.0182415 -0.332295
vn 0.942999 0.0182414 -0.332295
vn 0.942999 0.0182415 -0.332295
vn 0.942999 0.0182415 -0.332295
vn 0.942999 0.0182415 -0.332295
vn 0.942999 0.0182415 -0.332295
vn 0.95822 0.0182418 0.28545
vn 0.958221 0.0182426 0.285447
vn 0.95822 0.0182418 0.28545
vn 0.958219 0.0182411 0.285454
vn 0.95822 0.0182418 0.28545
vn 0.95822 0.0182418 0.28545
vn 0.607422 0.0182382 0.79417
vn 0.607414 0.0182361 0.794176
vn 0.607422 0.0182382 0.79417
vn 0.60743 0.0182403 0.794164
vn 0.607422 0.0182382 0.79417
vn 0.607422 0.0182382 0.79417
vn 0.0246524 0.0182342 0.99953
vn 0.0246431 0.0182322 0.99953
vn 0.0246524 0.0182342 0.99953
vn 0.0246618 0.0182361 0.99953
vn 0.0246524 0.0182342 0.99953
vn 0.0246524 0.0182342 0.99953
vn 0 1 -0
vn 0 1 -0
vn 0 1 -0
vn 0 1 -0
vn 0 1 -0
vn 0 1 -0
vn 0 1 -0
vn 0 1 -0
vn 0 1 -0
vn 0 1 -0
vn 0 1 -0
vn 0 1 -0
vn 0 1 -0
vn 0 1 -0
vn 0 1 -0
vn 0 1 -0
vn 0 1 -0
vn 0 1 -0
vn 0 1 -0
vn 0 1 -0
vn 0 1 -0
vn 0 1 -0
vn 0 1 -0
vn 0 1 -0
vn -0.607531 0 -0.794296
vn -0.607531 0 -0.794296
vn -0.607531 0 -0.794296
vn -0.607531 0 -0.794296
vn -0.607531 0 -0.794296
vn -0.607531 0 -0.794296
vn -0.958378 0 -0.285501
vn -0.958378 0 -0.285501
vn -0.958378 0 -0.285501
vn -0.958378 0 -0.285501
vn -0.958378 0 -0.285501
vn -0.958378 0 -0.285501
vn -0.943156 0 0.33235
vn -0.943156 0 0.33235
vn -0.943156 0 0.33235
vn -0.943156 0 0.33235
vn -0.943156 0 0.33235
vn -0.943156 0 0.33235
vn -0.567708 0 0.82323
vn -0.567708 0 0.82323
vn -0.567708 0 0.82323
vn -0.567708 0 0.82323
vn -0.567708 0 0.82323
vn -0.567708 0 0.82323
vn 0.0246659 0 0.999696
vn 0.0246659 0 0.999696
vn 0.0246659 0 0.999696
vn 0.0246659 0 0.999696
vn 0.0246659 0 0.999696
vn 0.0246659 0 0.999696
vn 0.607527 0 0.794299
vn 0.607527 0 0.794299
vn 0.607527 0 0.794299
vn 0.607527 0 0.794299
vn 0.607527 0 0.794299
vn 0.607527 0 0.794299
vn 0.958378 0 0.285501
vn 0.958378 0 0.285501
vn 0.958378 0 0.285501
vn 0.958378 0 0.285501
vn 0.958378 0 0.285501
vn 0.958378 0 0.285501
vn 0.943154 0 -0.332357
vn 0.943154 0 -0.332357
vn 0.943154 0 -0.332357
vn 0.943154 0 -0.332357
vn 0.943154 0 -0.332357
vn 0.943154 0 -0.332357
vn 0.567722 0 -0.823221
vn 0.567722 0 -0.823221
vn 0.567722 0 -0.823221
vn 0.567722 0 -0.823221
vn 0.567722 0 -0.823221
vn 0.567722 0 -0.823221
vn -0.0246651 0 -0.999696
vn -0.0246651 0 -0.999696
vn -0.0246651 0 -0.999696
vn -0.0246651 0 -0.999696
vn -0.0246651 0 -0.999696
vn -0.0246651 0 -0.999696
vn 0 -1 -0
vn 0 -1 -0
vn 0 -1 -0
vn 0 -1 -0
vn 0 -1 -0
vn 0 -1 -0
vn 0 -1 -0
vn 0 -1 -0
vn 0 -1 -0
vn 0 -1 -0
vn 0 -1 -0
vn 0 -1 -0
vn 0 -1 -0
vn 0 -1 -0
vn 0 -1 -0
vn 0 -1 -0
vn 0 -1 -0
vn 0 -1 -0
vn 0 -1 -0
vn 0 -1 -0
vn 0 -1 -0
vn 0 -1 -0
vn 0 -1 -0
vn 0 -1 -0
vn 0.566026 -0.0766275 -0.820818
vn 0.566052 -0.0766373 -0.8208
vn 0.566026 -0.0766275 -0.820818
vn 0.566 -0.0766178 -0.820837
vn 0.566026 -0.0766275 -0.820818
vn 0.566026 -0.0766275 -0.820818
vn 0.940385 -0.0766318 -0.331365
vn 0.940381 -0.0766272 -0.33138
vn 0.940385 -0.0766318 -0.331365
vn 0.94039 -0.0766364 -0.331351
vn 0.940385 -0.0766318 -0.331365
vn 0.940385 -0.0766318 -0.331365
vn 0.955559 -0.0766334 0.284667
vn 0.95556 -0.0766317 0.284662
vn 0.955559 -0.0766334 0.284667
vn 0.955557 -0.076635 0.284672
vn 0.955559 -0.0766334 0.284667
vn 0.955559 -0.0766334 0.284667
vn 0.605733 -0.076633 0.791969
vn 0.605741 -0.0766301 0.791963
vn 0.605733 -0.076633 0.791969
vn 0.605726 -0.0766359 0.791974
vn 0.605733 -0.076633 0.791969
vn 0.605733 -0.076633 0.791969
vn 0.0245699 -0.0766241 0.996757
vn 0.0245934 -0.0766169 0.996757
vn 0.0245699 -0.0766241 0.996757
vn 0.0245465 -0.0766312 0.996757
vn 0.0245699 -0.0766241 0.996757
vn 0.0245699 -0.0766241 0.996757
vn -0.566019 -0.0766285 0.820823
vn -0.566038 -0.0766357 0.820809
vn -0.566019 -0.0766285 0.820823
vn -0.566 -0.0766213 0.820837
vn -0.566019 -0.0766285 0.820823
vn -0.566019 -0.0766285 0.820823
vn -0.940387 -0.0766309 0.331362
vn -0.940383 -0.0766273 0.331373
vn -0.940387 -0.0766309 0.331362
vn -0.94039 -0.0766345 0.331351
vn -0.940387 -0.0766309 0.331362
vn -0.940387 -0.0766309 0.331362
vn -0.955561 -0.0766364 -0.284659
vn -0.95556 -0.0766374 -0.284662
vn -0.955561 -0.0766364 -0.284659
vn -0.955562 -0.0766355 -0.284656
vn -0.955561 -0.0766364 -0.284659
vn -0.955561 -0.0766364 -0.284659
vn -0.605733 -0.0766343 -0.791969
vn -0.605744 -0.07663 -0.791961
vn -0.605733 -0.0766343 -0.791969
vn -0.605721 -0.0766387 -0.791977
vn -0.605733 -0.0766343 -0.791969
vn -0.605733 -0.0766343 -0.791969
vn -0.0245695 -0.0766242 -0.996757
vn -0.0245926 -0.0766171 -0.996757
vn -0.0245695 -0.0766242 -0.996757
vn -0.0245463 -0.0766312 -0.996757
vn -0.0245695 -0.0766242 -0.996757
vn -0.0245695 -0.0766242 -0.996757
vn -0.567602 0.0182387 0.823101
vn -0.567577 0.0182449 0.823118
vn -0.567602 0.0182387 0.823101
vn -0.567627 0.0182324 0.823084
vn -0.567602 0.0182387 0.823101
vn -0.567602 0.0182387 0.823101
vn -0.942998 0.0182422 0.332298
vn -0.942999 0.0182414 0.332295
vn -0.942998 0.0182422 0.332298
vn -0.942997 0.0182429 0.332302
vn -0.942998 0.0182422 0.332298
vn -0.942998 0.0182422 0.332298
vn -0.95822 0.0182419 -0.28545
vn -0.958221 0.0182426 -0.285447
vn -0.95822 0.0182419 -0.28545
vn -0.958219 0.0182411 -0.285454
vn -0.95822 0.0182419 -0.28545
vn -0.95822 0.0182419 -0.28545
vn -0.607422 0.0182423 -0.79417
vn -0.607417 0.0182411 -0.794174
vn -0.607422 0.0182423 -0.79417
vn -0.607426 0.0182435 -0.794167
vn -0.607422 0.0182423 -0.79417
vn -0.607422 0.0182423 -0.79417
vn -0.0246419 0.0182372 -0.99953
vn -0.0246221 0.0182331 -0.999531
vn -0.0246419 0.0182372 -0.99953
vn -0.0246618 0.0182413 -0.999529
vn -0.0246419 0.0182372 -0.99953
vn -0.0246419 0.0182372 -0.99953
vn 0.567595 0.0182396 -0.823106
vn 0.567577 0.0182441 -0.823118
vn 0.567595 0.0182396 -0.823106
vn 0.567613 0.018235 -0.823093
vn 0.567595 0.0182396 -0.823106
vn 0.567595 0.0182396 -0.823106
vn 0.942999 0.0182415 -0.332295
vn 0.942999 0.0182414 -0.332295
vn 0.942999 0.0182415 -0.332295
vn 0.942999 0.0182415 -0.332295
vn 0.942999 0.0182415 -0.332295
vn 0.942999 0.0182415 -0.332295
vn 0.95822 0.0182419 0.28545
vn 0.958221 0.0182426 0.285447
vn 0.95822 0.0182419 0.28545
vn 0.958219 0.0182411 0.285454
vn 0.95822 0.0182419 0.28545
vn 0.95822 0.0182419 0.28545
vn 0.607423 0.0182418 0.794169
vn 0.607417 0.0182402 0.794174
vn 0.607423 0.0182418 0.794169
vn 0.60743 0.0182435 0.794164
vn 0.607423 0.0182418 0.794169
vn 0.607423 0.0182418 0.794169
vn 0.0246415 0.0182372 0.99953
vn 0.0246221 0.0182332 0.999531
vn 0.0246415 0.0182372 0.99953
vn 0.024661 0.0182413 0.999529
vn 0.0246415 0.0182372 0.99953
vn 0.0246415 0.0182372 0.99953
vn 0 1 -0
vn 0 1 -0
vn 0 1 -0
vn 0 1 -0
vn 0 1 -0
vn 0 1 -0
vn 0 1 -0
vn 0 1 -0
vn 0 1 -0
vn 0 1 -0
vn 0 1 -0
vn 0 1 -0
vn 0 1 -0
vn 0 1 -0
vn 0 1 -0
vn 0 1 -0
vn 0 1 -0
vn 0 1 -0
vn 0 1 -0
vn 0 1 -0
vn 0 1 -0
vn 0 1 -0
vn 0 1 -0
vn 0 1 -0
vn -0.607527 0 -0.794299
vn -0.607527 0 -0.794299
vn -0.607527 0 -0.794299
vn -0.607527 0 -0.794299
vn -0.607527 0 -0.794299
vn -0.607527 0 -0.794299
vn -0.958378 0 -0.285501
vn -0.958378 0 -0.285501
vn -0.958378 0 -0.285501
vn -0.958378 0 -0.285501
vn -0.958378 0 -0.285501
vn -0.958378 0 -0.285501
vn -0.943154 0 0.332357
vn -0.943154 0 0.332357
vn -0.943154 0 0.332357
vn -0.943154 0 0.332357
vn -0.943154 0 0.332357
vn -0.943154 0 0.332357
vn -0.567722 0 0.823221
vn -0.567722 0 0.823221
vn -0.567722 0 0.823221
vn -0.567722 0 0.823221
vn -0.567722 0 0.823221
vn -0.567722 0 0.823221
vn 0.0246651 0 0.999696
vn 0.0246651 0 0.999696
vn 0.0246651 0 0.999696
vn 0.0246651 0 0.999696
vn 0.0246651 0 0.999696
vn 0.0246651 0 0.999696
vn 0.607531 0 0.794296
vn 0.607531 0 0.794296
vn 0.607531 0 0.794296
vn 0.607531 0 0.794296
vn 0.607531 0 0.794296
vn 0.607531 0 0.794296
vn 0.958378 0 0.285501
vn 0.958378 0 0.285501
vn 0.958378 0 0.285501
vn 0.958378 0 0.285501
vn 0.958378 0 0.285501
vn 0.958378 0 0.285501
vn 0.943156 0 -0.33235
vn 0.943156 0 -0.33235
vn 0.943156 0 -0.33235
vn 0.943156 0 -0.33235
vn 0.943156 0 -0.33235
vn 0.943156 0 -0.33235
vn 0.567708 0 -0.82323
vn 0.567708 0 -0.82323
vn 0.567708 0 -0.82323
vn 0.567708 0 -0.82323
vn 0.567708 0 -0.82323
vn 0.567708 0 -0.82323
vn -0.0246659 0 -0.999696
vn -0.0246659 0 -0.999696
vn -0.0246659 0 -0.999696
vn -0.0246659 0 -0.999696
vn -0.0246659 0 -0.999696
vn -0.0246659 0 -0.999696
vn 0 -1 -0
vn 0 -1 -0
vn 0 -1 -0
vn 0 -1 -0
vn 0 -1 -0
vn 0 -1 -0
vn 0 -1 -0
vn 0 -1 -0
vn 0 -1 -0
vn 0 -1 -0
vn 0 -1 -0
vn 0 -1 -0
vn 0 -1 -0
vn 0 -1 -0
vn 0 -1 -0
vn 0 -1 -0
vn 0 -1 -0
vn 0 -1 -0
vn 0 -1 -0
vn 0 -1 -0
vn 0 -1 -0
vn 0 -1 -0
vn 0 -1 -0
vn 0 -1 -0
vn 0.566024 -0.0766266 -0.82082
vn 0.566038 -0.0766322 -0.820809
vn 0.566024 -0.0766266 -0.82082
vn 0.566009 -0.076621 -0.820831
vn 0.566024 -0.0766266 -0.82082
vn 0.566024 -0.0766266 -0.82082
vn 0.940384 -0.0766282 -0.331371
vn 0.940383 -0.0766273 -0.331373
vn 0.940384 -0.0766282 -0.331371
vn 0.940385 -0.0766291 -0.331368
vn 0.940384 -0.0766282 -0.331371
vn 0.940384 -0.0766282 -0.331371
vn 0.955559 -0.0766334 0.284667
vn 0.95556 -0.0766317 0.284662
vn 0.955559 -0.0766334 0.284667
vn 0.955557 -0.076635 0.284672
vn 0.955559 -0.0766334 0.284667
vn 0.955559 -0.0766334 0.284667
vn 0.605736 -0.076633 0.791966
vn 0.605744 -0.07663 0.791961
vn 0.605736 -0.076633 0.791966
vn 0.605729 -0.076636 0.791972
vn 0.605736 -0.076633 0.791966
vn 0.605736 -0.076633 0.791966
vn 0.0245695 -0.0766242 0.996757
vn 0.0245926 -0.0766171 0.996757
vn 0.0245695 -0.0766242 0.996757
vn 0.0245463 -0.0766312 0.996757
vn 0.0245695 -0.0766242 0.996757
vn 0.0245695 -0.0766242 0.996757
vn -0.566026 -0.0766275 0.820818
vn -0.566052 -0.0766373 0.8208
vn -0.566026 -0.0766275 0.820818
vn -0.566 -0.0766178 0.820837
vn -0.566026 -0.0766275 0.820818
vn -0.566026 -0.0766275 0.820818
vn -0.940385 -0.0766318 0.331365
vn -0.940381 -0.0766272 0.33138
vn -0.940385 -0.0766318 0.331365
vn -0.94039 -0.0766364 0.331351
vn -0.940385 -0.0766318 0.331365
vn -0.940385 -0.0766318 0.331365
vn -0.955561 -0.0766364 -0.284659
vn -0.95556 -0.0766374 -0.284662
vn -0.955561 -0.0766364 -0.284659
vn -0.955562 -0.0766355 -0.284656
vn -0.955561 -0.0766364 -0.284659
vn -0.955561 -0.0766364 -0.284659
vn -0.605736 -0.076637 -0.791967
vn -0.605741 -0.0766351 -0.791963
vn -0.605736 -0.076637 -0.791967
vn -0.60573 -0.076639 -0.79197
vn -0.605736 -0.076637 -0.791967
vn -0.605736 -0.076637 -0.791967
vn -0.0245696 -0.0766242 -0.996757
vn -0.0245934 -0.0766169 -0.996757
vn -0.0245696 -0.0766242 -0.996757
vn -0.0245458 -0.0766314 -0.996757
vn -0.0245696 -0.0766242 -0.996757
vn -0.0245696 -0.0766242 -0.996757
vn -0.567595 0.0182396 0.823106
vn -0.567577 0.0182441 0.823118
vn -0.567595 0.0182396 0.823106
vn -0.567613 0.018235 0.823093
vn -0.567595 0.0182396 0.823106
vn -0.567595 0.0182396 0.823106
vn -0.943002 0.0182394 0.332286
vn -0.943006 0.0182374 0.332277
vn -0.943002 0.0182394 0.332286
vn -0.942999 0.0182415 0.332295
vn -0.943002 0.0182394 0.332286
vn -0.943002 0.0182394 0.332286
vn -0.95822 0.0182376 -0.28545
vn -0.958221 0.0182384 -0.285447
vn -0.95822 0.0182376 -0.28545
vn -0.958219 0.0182368 -0.285454
vn -0.95822 0.0182376 -0.28545
vn -0.95822 0.0182376 -0.28545
vn -0.607428 0.0182404 -0.794165
vn -0.607427 0.0182401 -0.794166
vn -0.607428 0.0182404 -0.794165
vn -0.60743 0.0182408 -0.794164
vn -0.607428 0.0182404 -0.794165
vn -0.607428 0.0182404 -0.794165
vn -0.0246415 0.0182372 -0.99953
vn -0.0246221 0.0182332 -0.999531
vn -0.0246415 0.0182372 -0.99953
vn -0.024661 0.0182413 -0.999529
vn -0.0246415 0.0182372 -0.99953
vn -0.0246415 0.0182372 -0.99953
vn 0.567602 0.0182387 -0.823101
vn 0.567577 0.0182449 -0.823118
vn 0.567602 0.0182387 -0.823101
vn 0.567627 0.0182324 -0.823084
vn 0.567602 0.0182387 -0.823101
vn 0.567602 0.0182387 -0.823101
vn 0.942998 0.0182422 -0.332298
vn 0.942999 0.0182414 -0.332295
vn 0.942998 0.0182422 -0.332298
vn 0.942997 0.0182429 -0.332302
vn 0.942998 0.0182422 -0.332298
vn 0.942998 0.0182422 -0.332298
vn 0.95822 0.0182419 0.28545
vn 0.958221 0.0182426 0.285447
vn 0.95822 0.0182419 0.28545
vn 0.958219 0.0182411 0.285454
vn 0.95822 0.0182419 0.28545
vn 0.95822 0.0182419 0.28545
vn 0.607422 0.0182423 0.79417
vn 0.607417 0.0182411 0.794174
vn 0.607422 0.0182423 0.79417
vn 0.607426 0.0182435 0.794167
vn 0.607422 0.0182423 0.79417
vn 0.607422 0.0182423 0.79417
vn 0.0246419 0.0182372 0.99953
vn 0.0246221 0.0182331 0.999531
vn 0.0246419 0.0182372 0.99953
vn 0.0246618 0.0182413 0.999529
vn 0.0246419 0.0182372 0.99953
vn 0.0246419 0.0182372 0.99953
vn 0 1 -0
vn 0 1 -0
vn 0 1 -0
vn 0 1 -0
vn 0 1 -0
vn 0 1 -0
vn 0 1 -0
vn 0 1 -0
vn 0 1 -0
vn 0 1 -0
vn 0 1 -0
vn 0 1 -0
vn 0 1 -0
vn 0 1 -0
vn 0 1 -0
vn 0 1 -0
vn 0 1 -0
vn 0 1 -0
vn 0 1 -0
vn 0 1 -0
vn 0 1 -0
vn 0 1 -0
vn 0 1 -0
vn 0 1 -0
vn -0.607532 0 -0.794295
vn -0.607532 0 -0.794295
vn -0.607532 0 -0.794295
vn -0.607532 0 -0.794295
vn -0.607532 0 -0.794295
vn -0.607532 0 -0.794295
vn -0.958376 0 -0.285508
vn -0.958376 0 -0.285508
vn -0.958376 0 -0.285508
vn -0.958376 0 -0.285508
vn -0.958376 0 -0.285508
vn -0.958376 0 -0.285508
vn -0.943159 -8.40644e-006 0.332341
vn -0.943163 -1.68129e-005 0.332331
vn -0.943159 -8.40644e-006 0.332341
vn -0.943156 0 0.33235
vn -0.943159 -8.40644e-006 0.332341
vn -0.943159 -8.40644e-006 0.332341
vn -0.56773 -5.06014e-006 0.823215
vn -0.567725 0 0.823218
vn -0.56773 -5.06014e-006 0.823215
vn -0.567736 -1.01203e-005 0.823211
vn -0.56773 -5.06014e-006 0.823215
vn -0.56773 -5.06014e-006 0.823215
vn 0.0246653 0 0.999696
vn 0.0246653 0 0.999696
vn 0.0246653 0 0.999696
vn 0.0246653 0 0.999696
vn 0.0246653 0 0.999696
vn 0.0246653 0 0.999696
vn 0.607528 0 0.794298
vn 0.607528 0 0.794298
vn 0.607528 0 0.794298
vn 0.607528 0 0.794298
vn 0.607528 0 0.794298
vn 0.607528 0 0.794298
vn 0.958378 0 0.285501
vn 0.958378 0 0.285501
vn 0.958378 0 0.285501
vn 0.958378 0 0.285501
vn 0.958378 0 0.285501
vn 0.958378 0 0.285501
vn 0.943154 0 -0.332357
vn 0.943154 0 -0.332357
vn 0.943154 0 -0.332357
vn 0.943154 0 -0.332357
vn 0.943154 0 -0.332357
vn 0.943154 0 -0.332357
vn 0.567708 0 -0.82323
vn 0.567708 0 -0.82323
vn 0.567708 0 -0.82323
vn 0.567708 0 -0.82323
vn 0.567708 0 -0.82323
vn 0.567708 0 -0.82323
vn -0.0246659 0 -0.999696
vn -0.0246659 0 -0.999696
vn -0.0246659 0 -0.999696
vn -0.0246659 0 -0.999696
vn -0.0246659 0 -0.999696
vn -0.0246659 0 -0.999696
vn 0 -1 -0
vn 0 -1 -0
vn 0 -1 -0
vn 0 -1 -0
vn 0 -1 -0
vn 0 -1 -0
vn 0 -1 -0
vn 0 -1 -0
vn 0 -1 -0
vn 0 -1 -0
vn 0 -1 -0
vn 0 -1 -0
vn 0 -1 -0
vn 0 -1 -0
vn 0 -1 -0
vn 0 -1 -0
vn 0 -1 -0
vn 0 -1 -0
vn 0 -1 -0
vn 0 -1 -0
vn 0 -1 -0
vn 0 -1 -0
vn 0 -1 -0
vn 0 -1 -0
vn 0.566027 -0.0766273 -0.820818
vn 0.566038 -0.0766317 -0.820809
vn 0.566027 -0.0766273 -0.820818
vn 0.566015 -0.0766228 -0.820826
vn 0.566027 -0.0766273 -0.820818
vn 0.566027 -0.0766273 -0.820818
vn 0.940386 -0.076624 -0.331366
vn 0.940381 -0.0766195 -0.33138
vn 0.940386 -0.076624 -0.331366
vn 0.94039 -0.0766285 -0.331352
vn 0.940386 -0.076624 -0.331366
vn 0.940386 -0.076624 -0.331366
vn 0.955562 -0.0766285 0.284658
vn 0.95556 -0.0766296 0.284662
vn 0.955562 -0.0766285 0.284658
vn 0.955563 -0.0766274 0.284655
vn 0.955562 -0.0766285 0.284658
vn 0.955562 -0.0766285 0.284658
vn 0.605735 -0.0766318 0.791967
vn 0.605742 -0.0766292 0.791962
vn 0.605735 -0.0766318 0.791967
vn 0.605729 -0.0766343 0.791972
vn 0.605735 -0.0766318 0.791967
vn 0.605735 -0.0766318 0.791967
vn 0.0245696 -0.0766231 0.996757
vn 0.0245928 -0.076616 0.996757
vn 0.0245696 -0.0766231 0.996757
vn 0.0245463 -0.0766302 0.996757
vn 0.0245696 -0.0766231 0.996757
vn 0.0245696 -0.0766231 0.996757
vn -0.566029 -0.0766281 0.820816
vn -0.566056 -0.0766382 0.820797
vn -0.566029 -0.0766281 0.820816
vn -0.566002 -0.076618 0.820836
vn -0.566029 -0.0766281 0.820816
vn -0.566029 -0.0766281 0.820816
vn -0.940389 -0.0766316 0.331355
vn -0.94039 -0.0766322 0.331354
vn -0.940389 -0.0766316 0.331355
vn -0.940388 -0.076631 0.331357
vn -0.940389 -0.0766316 0.331355
vn -0.940389 -0.0766316 0.331355
vn -0.95556 -0.0766376 -0.284662
vn -0.955558 -0.0766398 -0.284669
vn -0.95556 -0.0766376 -0.284662
vn -0.955562 -0.0766354 -0.284655
vn -0.95556 -0.0766376 -0.284662
vn -0.95556 -0.0766376 -0.284662
vn -0.605742 -0.0766402 -0.791961
vn -0.605745 -0.076639 -0.791959
vn -0.605742 -0.0766402 -0.791961
vn -0.605739 -0.0766413 -0.791964
vn -0.605742 -0.0766402 -0.791961
vn -0.605742 -0.0766402 -0.791961
vn -0.0245699 -0.0766309 -0.996757
vn -0.0245933 -0.0766238 -0.996757
vn -0.0245699 -0.0766309 -0.996757
vn -0.0245464 -0.0766381 -0.996757
vn -0.0245699 -0.0766309 -0.996757
vn -0.0245699 -0.0766309 -0.996757
vn -0.567594 0.0182397 0.823107
vn -0.567574 0.0182446 0.82312
vn -0.567594 0.0182397 0.823107
vn -0.567613 0.0182347 0.823093
vn -0.567594 0.0182397 0.823107
vn -0.567594 0.0182397 0.823107
vn -0.943002 0.0182393 0.332286
vn -0.943008 0.0182359 0.33227
vn -0.943002 0.0182393 0.332286
vn -0.942997 0.0182428 0.332302
vn -0.943002 0.0182393 0.332286
vn -0.943002 0.0182393 0.332286
vn -0.958219 0.0182356 -0.285454
vn -0.958219 0.0182356 -0.285453
vn -0.958219 0.0182356 -0.285454
vn -0.958219 0.0182355 -0.285454
vn -0.958219 0.0182356 -0.285454
vn -0.958219 0.0182356 -0.285454
vn -0.607429 0.0182364 -0.794165
vn -0.60743 0.0182368 -0.794164
vn -0.607429 0.0182364 -0.794165
vn -0.607427 0.0182361 -0.794166
vn -0.607429 0.0182364 -0.794165
vn -0.607429 0.0182364 -0.794165
vn -0.0246521 0.0182342 -0.99953
vn -0.0246429 0.0182323 -0.99953
vn -0.0246521 0.0182342 -0.99953
vn -0.0246612 0.0182361 -0.99953
vn -0.0246521 0.0182342 -0.99953
vn -0.0246521 0.0182342 -0.99953
vn 0.567609 0.0182397 -0.823096
vn 0.567577 0.0182477 -0.823118
vn 0.567609 0.0182397 -0.823096
vn 0.567641 0.0182317 -0.823074
vn 0.567609 0.0182397 -0.823096
vn 0.567609 0.0182397 -0.823096
vn 0.942999 0.018243 -0.332295
vn 0.942999 0.018243 -0.332296
vn 0.942999 0.018243 -0.332295
vn 0.942999 0.0182429 -0.332295
vn 0.942999 0.018243 -0.332295
vn 0.942999 0.018243 -0.332295
vn 0.95822 0.0182419 0.285451
vn 0.958223 0.0182441 0.28544
vn 0.95822 0.0182419 0.285451
vn 0.958217 0.0182397 0.285461
vn 0.95822 0.0182419 0.285451
vn 0.95822 0.0182419 0.285451
vn 0.607422 0.0182424 0.79417
vn 0.607414 0.0182402 0.794176
vn 0.607422 0.0182424 0.79417
vn 0.607431 0.0182447 0.794163
vn 0.607422 0.0182424 0.79417
vn 0.607422 0.0182424 0.79417
vn 0.0246411 0.018237 0.99953
vn 0.0246205 0.0182327 0.999531
vn 0.0246411 0.018237 0.99953
vn 0.0246618 0.0182413 0.999529
vn 0.0246411 0.018237 0.99953
vn 0.0246411 0.018237 0.99953
vn 0 1 -0
vn 0 1 -0
vn 0 1 -0
vn 0 1 -0
vn 0 1 -0
vn 0 1 -0
vn 0 1 -0
vn 0 1 -0
vn 0 1 -0
vn 0 1 -0
vn 0 1 -0
vn 0 1 -0
vn 0 1 -0
vn 0 1 -0
vn 0 1 -0
vn 0 1 -0
vn 0 1 -0
vn 0 1 -0
vn 0 1 -0
vn 0 1 -0
vn 0 1 -0
vn 0 1 -0
vn 0 1 -0
vn 0 1 -0
vn -0.607528 0 -0.794298
vn -0.607528 0 -0.794298
vn -0.607528 0 -0.794298
vn -0.607528 0 -0.794298
vn -0.607528 0 -0.794298
vn -0.607528 0 -0.794298
vn -0.958376 0 -0.285508
vn -0.958376 0 -0.285508
vn -0.958376 0 -0.285508
vn -0.958376 0 -0.285508
vn -0.958376 0 -0.285508
vn -0.958376 0 -0.285508
vn -0.943154 0 0.332357
vn -0.943154 0 0.332357
vn -0.943154 0 0.332357
vn -0.943154 0 0.332357
vn -0.943154 0 0.332357
vn -0.943154 0 0.332357
vn -0.567725 0 0.823218
vn -0.567725 0 0.823218
vn -0.567725 0 0.823218
vn -0.567725 0 0.823218
vn -0.567725 0 0.823218
vn -0.567725 0 0.823218
vn 0.0246659 0 0.999696
vn 0.0246659 0 0.999696
vn 0.0246659 0 0.999696
vn 0.0246659 0 0.999696
vn 0.0246659 0 0.999696
vn 0.0246659 0 0.999696
vn 0.607532 0 0.794295
vn 0.607532 0 0.794295
vn 0.607532 0 0.794295
vn 0.607532 0 0.794295
vn 0.607532 0 0.794295
vn 0.607532 0 0.794295
vn 0.958378 0 0.285501
vn 0.958378 0 0.285501
vn 0.958378 0 0.285501
vn 0.958378 0 0.285501
vn 0.958378 0 0.285501
vn 0.958378 0 0.285501
vn 0.943156 0 -0.33235
vn 0.943156 0 -0.33235
vn 0.943156 0 -0.33235
vn 0.943156 0 -0.33235
vn 0.943156 0 -0.33235
vn 0.943156 0 -0.33235
vn 0.567708 0 -0.82323
vn 0.567708 0 -0.82323
vn 0.567708 0 -0.82323
vn 0.567708 0 -0.82323
vn 0.567708 0 -0.82323
vn 0.567708 0 -0.82323
vn -0.0246659 0 -0.999696
vn -0.0246659 0 -0.999696
vn -0.0246659 0 -0.999696
vn -0.0246659 0 -0.999696
vn -0.0246659 0 -0.999696
vn -0.0246659 0 -0.999696
vn 0 -1 -0
vn 0 -1 -0
vn 0 -1 -0
vn 0 -1 -0
vn 0 -1 -0
vn 0 -1 -0
vn 0 -1 -0
vn 0 -1 -0
vn 0 -1 -0
vn 0 -1 -0
vn 0 -1 -0
vn 0 -1 -0
vn 0 -1 -0
vn 0 -1 -0
vn 0 -1 -0
vn 0 -1 -0
vn 0 -1 -0
vn 0 -1 -0
vn 0 -1 -0
vn 0 -1 -0
vn 0 -1 -0
vn 0 -1 -0
vn 0 -1 -0
vn 0 -1 -0
vn 0.566031 -0.0766289 -0.820815
vn 0.566038 -0.0766317 -0.820809
vn 0.566031 -0.0766289 -0.820815
vn 0.566023 -0.0766261 -0.82082
vn 0.566031 -0.0766289 -0.820815
vn 0.566031 -0.0766289 -0.820815
vn 0.940384 -0.0766282 -0.331371
vn 0.940383 -0.0766275 -0.331373
vn 0.940384 -0.0766282 -0.331371
vn 0.940384 -0.0766289 -0.331369
vn 0.940384 -0.0766282 -0.331371
vn 0.940384 -0.0766282 -0.331371
vn 0.955559 -0.0766332 0.284667
vn 0.95556 -0.0766316 0.284662
vn 0.955559 -0.0766332 0.284667
vn 0.955557 -0.0766349 0.284672
vn 0.955559 -0.0766332 0.284667
vn 0.955559 -0.0766332 0.284667
vn 0.605737 -0.0766323 0.791966
vn 0.605746 -0.0766291 0.79196
vn 0.605737 -0.0766323 0.791966
vn 0.605729 -0.0766356 0.791972
vn 0.605737 -0.0766323 0.791966
vn 0.605737 -0.0766323 0.791966
vn 0.0245698 -0.076623 0.996757
vn 0.0245934 -0.0766158 0.996757
vn 0.0245698 -0.076623 0.996757
vn 0.0245463 -0.0766302 0.996757
vn 0.0245698 -0.076623 0.996757
vn 0.0245698 -0.076623 0.996757
vn -0.566027 -0.0766323 0.820817
vn -0.566055 -0.0766429 0.820797
vn -0.566027 -0.0766323 0.820817
vn -0.565999 -0.0766216 0.820837
vn -0.566027 -0.0766323 0.820817
vn -0.566027 -0.0766323 0.820817
vn -0.940385 -0.0766341 0.331366
vn -0.94038 -0.0766296 0.33138
vn -0.940385 -0.0766341 0.331366
vn -0.94039 -0.0766387 0.331351
vn -0.940385 -0.0766341 0.331366
vn -0.940385 -0.0766341 0.331366
vn -0.95556 -0.0766356 -0.284662
vn -0.955558 -0.0766378 -0.284669
vn -0.95556 -0.0766356 -0.284662
vn -0.955562 -0.0766334 -0.284655
vn -0.95556 -0.0766356 -0.284662
vn -0.95556 -0.0766356 -0.284662
vn -0.605736 -0.0766376 -0.791966
vn -0.605742 -0.0766354 -0.791962
vn -0.605736 -0.0766376 -0.791966
vn -0.60573 -0.0766398 -0.791971
vn -0.605736 -0.0766376 -0.791966
vn -0.605736 -0.0766376 -0.791966
vn -0.0245699 -0.0766308 -0.996757
vn -0.0245933 -0.0766236 -0.996757
vn -0.0245699 -0.0766308 -0.996757
vn -0.0245464 -0.076638 -0.996757
vn -0.0245699 -0.0766308 -0.996757
vn -0.0245699 -0.0766308 -0.996757
vn -0.567595 0.0182392 0.823106
vn -0.567577 0.0182438 0.823118
vn -0.567595 0.0182392 0.823106
vn -0.567613 0.0182347 0.823093
vn -0.567595 0.0182392 0.823106
vn -0.567595 0.0182392 0.823106
vn -0.942999 0.0182413 0.332295
vn -0.942999 0.0182413 0.332295
vn -0.942999 0.0182413 0.332295
vn -0.942999 0.0182413 0.332295
vn -0.942999 0.0182413 0.332295
vn -0.942999 0.0182413 0.332295
vn -0.958219 0.0182412 -0.285454
vn -0.958219 0.0182413 -0.285453
vn -0.958219 0.0182412 -0.285454
vn -0.958219 0.0182412 -0.285454
vn -0.958219 0.0182412 -0.285454
vn -0.958219 0.0182412 -0.285454
vn -0.607424 0.0182379 -0.794168
vn -0.607417 0.018236 -0.794174
vn -0.607424 0.0182379 -0.794168
vn -0.607431 0.0182397 -0.794163
vn -0.607424 0.0182379 -0.794168
vn -0.607424 0.0182379 -0.794168
vn -0.0246523 0.0182341 -0.99953
vn -0.0246429 0.0182322 -0.99953
vn -0.0246523 0.0182341 -0.99953
vn -0.0246618 0.0182361 -0.99953
vn -0.0246523 0.0182341 -0.99953
vn -0.0246523 0.0182341 -0.99953
vn 0.567604 0.0182419 -0.8231
vn 0.567577 0.0182486 -0.823118
vn 0.567604 0.0182419 -0.8231
vn 0.567631 0.0182351 -0.823081
vn 0.567604 0.0182419 -0.8231
vn 0.567604 0.0182419 -0.8231
vn 0.942998 0.0182437 -0.332299
vn 0.942999 0.018243 -0.332296
vn 0.942998 0.0182437 -0.332299
vn 0.942997 0.0182444 -0.332302
vn 0.942998 0.0182437 -0.332299
vn 0.942998 0.0182437 -0.332299
vn 0.958219 0.0182412 0.285454
vn 0.958221 0.0182427 0.285447
vn 0.958219 0.0182412 0.285454
vn 0.958217 0.0182397 0.285461
vn 0.958219 0.0182412 0.285454
vn 0.958219 0.0182412 0.285454
vn 0.607422 0.0182424 0.79417
vn 0.607417 0.0182411 0.794174
vn 0.607422 0.0182424 0.79417
vn 0.607427 0.0182438 0.794166
vn 0.607422 0.0182424 0.79417
vn 0.607422 0.0182424 0.79417
vn 0.024641 0.018237 0.99953
vn 0.0246203 0.0182327 0.999531
vn 0.024641 0.018237 0.99953
vn 0.0246618 0.0182413 0.999529
vn 0.024641 0.018237 0.99953
vn 0.024641 0.018237 0.99953
vn 0 1 -0
vn 0 1 -0
vn 0 1 -0
vn 0 1 -0
vn 0 1 -0
vn 0 1 -0
vn 0 1 -0
vn 0 1 -0
vn 0 1 -0
vn 0 1 -0
vn 0 1 -0
vn 0 1 -0
vn 0 1 -0
vn 0 1 -0
vn 0 1 -0
vn 0 1 -0
vn 0 1 -0
vn 0 1 -0
vn 0 1 -0
vn 0 1 -0
vn 0 1 -0
vn 0 1 -0
vn 0 1 -0
vn 0 1 -0
vn -0.607518 0 -0.794306
vn -0.607518 0 -0.794306
vn -0.607518 0 -0.794306
vn -0.607518 0 -0.794306
vn -0.607518 0 -0.794306
vn -0.607518 0 -0.794306
vn -0.958377 0 -0.285505
vn -0.958377 0 -0.285505
vn -0.958377 0 -0.285505
vn -0.958377 0 -0.285505
vn -0.958377 0 -0.285505
vn -0.958377 0 -0.285505
vn -0.943152 -8.40639e-006 0.332361
vn -0.943156 -1.68128e-005 0.332351
vn -0.943152 -8.40639e-006 0.332361
vn -0.943149 0 0.332371
vn -0.943152 -8.40639e-006 0.332361
vn -0.943152 -8.40639e-006 0.332361
vn -0.567714 -5.05999e-006 0.823226
vn -0.567709 0 0.823229
vn -0.567714 -5.05999e-006 0.823226
vn -0.567719 -1.012e-005 0.823222
vn -0.567714 -5.05999e-006 0.823226
vn -0.567714 -5.05999e-006 0.823226
vn 0.0246659 0 0.999696
vn 0.0246659 0 0.999696
vn 0.0246659 0 0.999696
vn 0.0246659 0 0.999696
vn 0.0246659 0 0.999696
vn 0.0246659 0 0.999696
vn 0.607518 0 0.794306
vn 0.607518 0 0.794306
vn 0.607518 0 0.794306
vn 0.607518 0 0.794306
vn 0.607518 0 0.794306
vn 0.607518 0 0.794306
vn 0.958376 0 0.285508
vn 0.958376 0 0.285508
vn 0.958376 0 0.285508
vn 0.958376 0 0.285508
vn 0.958376 0 0.285508
vn 0.958376 0 0.285508
vn 0.943156 0 -0.33235
vn 0.943156 0 -0.33235
vn 0.943156 0 -0.33235
vn 0.943156 0 -0.33235
vn 0.943156 0 -0.33235
vn 0.943156 0 -0.33235
vn 0.567707 0 -0.823231
vn 0.567707 0 -0.823231
vn 0.567707 0 -0.823231
vn 0.567707 0 -0.823231
vn 0.567707 0 -0.823231
vn 0.567707 0 -0.823231
vn -0.0246677 0 -0.999696
vn -0.0246677 0 -0.999696
vn -0.0246677 0 -0.999696
vn -0.0246677 0 -0.999696
vn -0.0246677 0 -0.999696
vn -0.0246677 0 -0.999696
vn 0 -1 -0
vn 0 -1 -0
vn 0 -1 -0
vn 0 -1 -0
vn 0 -1 -0
vn 0 -1 -0
vn 0 -1 -0
vn 0 -1 -0
vn 0 -1 -0
vn 0 -1 -0
vn 0 -1 -0
vn 0 -1 -0
vn 0 -1 -0
vn 0 -1 -0
vn 0 -1 -0
vn 0 -1 -0
vn 0 -1 -0
vn 0 -1 -0
vn 0 -1 -0
vn 0 -1 -0
vn 0 -1 -0
vn 0 -1 -0
vn 0 -1 -0
vn 0 -1 -0
vn 0.566024 -0.0766269 -0.820819
vn 0.566037 -0.0766318 -0.82081
vn 0.566024 -0.0766269 -0.820819
vn 0.566011 -0.076622 -0.820829
vn 0.566024 -0.0766269 -0.820819
vn 0.566024 -0.0766269 -0.820819
vn 0.940385 -0.0766256 -0.331367
vn 0.940383 -0.0766239 -0.331373
vn 0.940385 -0.0766256 -0.331367
vn 0.940387 -0.0766274 -0.331362
vn 0.940385 -0.0766256 -0.331367
vn 0.940385 -0.0766256 -0.331367
vn 0.955561 -0.0766307 0.284659
vn 0.955558 -0.0766338 0.284668
vn 0.955561 -0.0766307 0.284659
vn 0.955564 -0.0766276 0.284649
vn 0.955561 -0.0766307 0.284659
vn 0.955561 -0.0766307 0.284659
vn 0.60573 -0.0766408 0.791971
vn 0.605731 -0.0766403 0.79197
vn 0.60573 -0.0766408 0.791971
vn 0.605728 -0.0766413 0.791972
vn 0.60573 -0.0766408 0.791971
vn 0.60573 -0.0766408 0.791971
vn 0.0245695 -0.0766303 0.996757
vn 0.0245933 -0.076623 0.996757
vn 0.0245695 -0.0766303 0.996757
vn 0.0245457 -0.0766376 0.996757
vn 0.0245695 -0.0766303 0.996757
vn 0.0245695 -0.0766303 0.996757
vn -0.566032 -0.0766295 0.820814
vn -0.56604 -0.0766322 0.820809
vn -0.566032 -0.0766295 0.820814
vn -0.566025 -0.0766268 0.820819
vn -0.566032 -0.0766295 0.820814
vn -0.566032 -0.0766295 0.820814
vn -0.940381 -0.0766305 0.331377
vn -0.940382 -0.0766317 0.331374
vn -0.940381 -0.0766305 0.331377
vn -0.94038 -0.0766294 0.331381
vn -0.940381 -0.0766305 0.331377
vn -0.940381 -0.0766305 0.331377
vn -0.955558 -0.0766334 -0.28467
vn -0.955559 -0.076632 -0.284666
vn -0.955558 -0.0766334 -0.28467
vn -0.955556 -0.0766349 -0.284675
vn -0.955558 -0.0766334 -0.28467
vn -0.955558 -0.0766334 -0.28467
vn -0.605733 -0.0766372 -0.791969
vn -0.605731 -0.0766378 -0.79197
vn -0.605733 -0.0766372 -0.791969
vn -0.605735 -0.0766366 -0.791968
vn -0.605733 -0.0766372 -0.791969
vn -0.605733 -0.0766372 -0.791969
vn -0.0245708 -0.0766286 -0.996757
vn -0.0245952 -0.0766211 -0.996757
vn -0.0245708 -0.0766286 -0.996757
vn -0.0245463 -0.076636 -0.996757
vn -0.0245708 -0.0766286 -0.996757
vn -0.0245708 -0.0766286 -0.996757
vn -0.56759 0.0182382 0.82311
vn -0.567567 0.0182439 0.823125
vn -0.56759 0.0182382 0.82311
vn -0.567612 0.0182325 0.823094
vn -0.56759 0.0182382 0.82311
vn -0.56759 0.0182382 0.82311
vn -0.943001 0.018237 0.332289
vn -0.943003 0.0182358 0.332283
vn -0.943001 0.018237 0.332289
vn -0.942999 0.0182382 0.332295
vn -0.943001 0.018237 0.332289
vn -0.943001 0.018237 0.332289
vn -0.958219 0.0182369 -0.285454
vn -0.958221 0.0182384 -0.285447
vn -0.958219 0.0182369 -0.285454
vn -0.958217 0.0182355 -0.28546
vn -0.958219 0.0182369 -0.285454
vn -0.958219 0.0182369 -0.285454
vn -0.607417 0.0182407 -0.794174
vn -0.607417 0.0182408 -0.794174
vn -0.607417 0.0182407 -0.794174
vn -0.607417 0.0182407 -0.794174
vn -0.607417 0.0182407 -0.794174
vn -0.607417 0.0182407 -0.794174
vn -0.0246422 0.0182369 -0.99953
vn -0.0246226 0.0182328 -0.999531
vn -0.0246422 0.0182369 -0.99953
vn -0.0246618 0.0182409 -0.999529
vn -0.0246422 0.0182369 -0.99953
vn -0.0246422 0.0182369 -0.99953
vn 0.567589 0.0182412 -0.82311
vn 0.567552 0.0182504 -0.823135
vn 0.567589 0.0182412 -0.82311
vn 0.567625 0.0182321 -0.823085
vn 0.567589 0.0182412 -0.82311
vn 0.567589 0.0182412 -0.82311
vn 0.943 0.0182423 -0.332292
vn 0.943008 0.0182373 -0.33227
vn 0.943 0.0182423 -0.332292
vn 0.942992 0.0182474 -0.332315
vn 0.943 0.0182423 -0.332292
vn 0.943 0.0182423 -0.332292
vn 0.958219 0.0182375 0.285455
vn 0.958219 0.0182381 0.285452
vn 0.958219 0.0182375 0.285455
vn 0.958218 0.0182369 0.285458
vn 0.958219 0.0182375 0.285455
vn 0.958219 0.0182375 0.285455
vn 0.607422 0.0182412 0.79417
vn 0.607427 0.0182425 0.794166
vn 0.607422 0.0182412 0.79417
vn 0.607417 0.0182398 0.794174
vn 0.607422 0.0182412 0.79417
vn 0.607422 0.0182412 0.79417
vn 0.0246447 0.0182371 0.99953
vn 0.0246257 0.0182332 0.99953
vn 0.0246447 0.0182371 0.99953
vn 0.0246636 0.018241 0.999529
vn 0.0246447 0.0182371 0.99953
vn 0.0246447 0.0182371 0.99953
vn 0 1 -0
vn 0 1 -0
vn 0 1 -0
vn 0 1 -0
vn 0 1 -0
vn 0 1 -0
vn 0 1 -0
vn 0 1 -0
vn 0 1 -0
vn 0 1 -0
vn 0 1 -0
vn 0 1 -0
vn 0 1 -0
vn 0 1 -0
vn 0 1 -0
vn 0 1 -0
vn 0 1 -0
vn 0 1 -0
vn 0 1 -0
vn 0 1 -0
vn 0 1 -0
vn 0 1 -0
vn 0 1 -0
vn 0 1 -0
g mat21
usemtl mat21
s off
f 53//1 52//2 51//3
f 54//4 53//5 51//6
f 97//7 96//8 95//9
f 98//10 97//11 95//12
f 101//13 100//14 99//15
f 102//16 101//17 99//18
f 105//19 104//20 103//21
f 106//22 105//23 103//24
f 109//25 108//26 107//27
f 110//28 109//29 107//30
f 113//31 112//32 111//33
f 114//34 113//35 111//36
f 117//37 116//38 115//39
f 118//40 117//41 115//42
f 121//43 120//44 119//45
f 122//46 121//47 119//48
f 125//49 124//50 123//51
f 126//52 125//53 123//54
f 129//55 128//56 127//57
f 130//58 129//59 127//60
f 133//61 132//62 131//63
f 134//64 133//65 131//66
f 137//67 136//68 135//69
f 138//70 137//71 135//72
f 141//73 140//74 139//75
f 142//76 141//77 139//78
f 145//79 144//80 143//81
f 146//82 145//83 143//84
f 149//85 148//86 147//87
f 150//88 149//89 147//90
f 153//91 152//92 151//93
f 154//94 153//95 151//96
f 157//97 156//98 155//99
f 158//100 157//101 155//102
f 161//103 160//104 159//105
f 162//106 161//107 159//108
f 165//109 164//110 163//111
f 166//112 165//113 163//114
f 169//115 168//116 167//117
f 170//118 169//119 167//120
f 273//121 272//122 271//123
f 274//124 273//125 271//126
f 317//127 316//128 315//129
f 318//130 317//131 315//132
f 321//133 320//134 319//135
f 322//136 321//137 319//138
f 325//139 324//140 323//141
f 326//142 325//143 323//144
f 329//145 328//146 327//147
f 330//148 329//149 327//150
f 333//151 332//152 331//153
f 334//154 333//155 331//156
f 337//157 336//158 335//159
f 338//160 337//161 335//162
f 341//163 340//164 339//165
f 342//166 341//167 339//168
f 345//169 344//170 343//171
f 346//172 345//173 343//174
f 349//175 348//176 347//177
f 350//178 349//179 347//180
f 353//181 352//182 351//183
f 354//184 353//185 351//186
f 357//187 356//188 355//189
f 358//190 357//191 355//192
f 361//193 360//194 359//195
f 362//196 361//197 359//198
f 365//199 364//200 363//201
f 366//202 365//203 363//204
f 369//205 368//206 367//207
f 370//208 369//209 367//210
f 373//211 372//212 371//213
f 374//214 373//215 371//216
f 377//217 376//218 375//219
f 378//220 377//221 375//222
f 381//223 380//224 379//225
f 382//226 381//227 379//228
f 385//229 384//230 383//231
f 386//232 385//233 383//234
f 389//235 388//236 387//237
f 390//238 389//239 387//240
f 493//241 492//242 491//243
f 494//244 493//245 491//246
f 537//247 536//248 535//249
f 538//250 537//251 535//252
f 541//253 540//254 539//255
f 542//256 541//257 539//258
f 545//259 544//260 543//261
f 546//262 545//263 543//264
f 549//265 548//266 547//267
f 550//268 549//269 547//270
f 553//271 552//272 551//273
f 554//274 553//275 551//276
f 557//277 556//278 555//279
f 558//280 557//281 555//282
f 561//283 560//284 559//285
f 562//286 561//287 559//288
f 565//289 564//290 563//291
f 566//292 565//293 563//294
f 569//295 568//296 567//297
f 570//298 569//299 567//300
f 573//301 572//302 571//303
f 574//304 573//305 571//306
f 577//307 576//308 575//309
f 578//310 577//311 575//312
f 581//313 580//314 579//315
f 582//316 581//317 579//318
f 585//319 584//320 583//321
f 586//322 585//323 583//324
f 589//325 588//326 587//327
f 590//328 589//329 587//330
f 593//331 592//332 591//333
f 594//334 593//335 591//336
f 597//337 596//338 595//339
f 598//340 597//341 595//342
f 601//343 600//344 599//345
f 602//346 601//347 599//348
f 605//349 604//350 603//351
f 606//352 605//353 603//354
f 609//355 608//356 607//357
f 610//358 609//359 607//360
f 713//361 712//362 711//363
f 714//364 713//365 711//366
f 757//367 756//368 755//369
f 758//370 757//371 755//372
f 761//373 760//374 759//375
f 762//376 761//377 759//378
f 765//379 764//380 763//381
f 766//382 765//383 763//384
f 769//385 768//386 767//387
f 770//388 769//389 767//390
f 773//391 772//392 771//393
f 774//394 773//395 771//396
f 777//397 776//398 775//399
f 778//400 777//401 775//402
f 781//403 780//404 779//405
f 782//406 781//407 779//408
f 785//409 784//410 783//411
f 786//412 785//413 783//414
f 789//415 788//416 787//417
f 790//418 789//419 787//420
f 793//421 792//422 791//423
f 794//424 793//425 791//426
f 797//427 796//428 795//429
f 798//430 797//431 795//432
f 801//433 800//434 799//435
f 802//436 801//437 799//438
f 805//439 804//440 803//441
f 806//442 805//443 803//444
f 809//445 808//446 807//447
f 810//448 809//449 807//450
f 813//451 812//452 811//453
f 814//454 813//455 811//456
f 817//457 816//458 815//459
f 818//460 817//461 815//462
f 821//463 820//464 819//465
f 822//466 821//467 819//468
f 825//469 824//470 823//471
f 826//472 825//473 823//474
f 829//475 828//476 827//477
f 830//478 829//479 827//480
f 933//481 932//482 931//483
f 934//484 933//485 931//486
f 977//487 976//488 975//489
f 978//490 977//491 975//492
f 981//493 980//494 979//495
f 982//496 981//497 979//498
f 985//499 984//500 983//501
f 986//502 985//503 983//504
f 989//505 988//506 987//507
f 990//508 989//509 987//510
f 993//511 992//512 991//513
f 994//514 993//515 991//516
f 997//517 996//518 995//519
f 998//520 997//521 995//522
f 1001//523 1000//524 999//525
f 1002//526 1001//527 999//528
f 1005//529 1004//530 1003//531
f 1006//532 1005//533 1003//534
f 1009//535 1008//536 1007//537
f 1010//538 1009//539 1007//540
f 1013//541 1012//542 1011//543
f 1014//544 1013//545 1011//546
f 1017//547 1016//548 1015//549
f 1018//550 1017//551 1015//552
f 1021//553 1020//554 1019//555
f 1022//556 1021//557 1019//558
f 1025//559 1024//560 1023//561
f 1026//562 1025//563 1023//564
f 1029//565 1028//566 1027//567
f 1030//568 1029//569 1027//570
f 1033//571 1032//572 1031//573
f 1034//574 1033//575 1031//576
f 1037//577 1036//578 1035//579
f 1038//580 1037//581 1035//582
f 1041//583 1040//584 1039//585
f 1042//586 1041//587 1039//588
f 1045//589 1044//590 1043//591
f 1046//592 1045//593 1043//594
f 1049//595 1048//596 1047//597
f 1050//598 1049//599 1047//600
f 1153//601 1152//602 1151//603
f 1154//604 1153//605 1151//606
f 1197//607 1196//608 1195//609
f 1198//610 1197//611 1195//612
f 1201//613 1200//614 1199//615
f 1202//616 1201//617 1199//618
f 1205//619 1204//620 1203//621
f 1206//622 1205//623 1203//624
f 1209//625 1208//626 1207//627
f 1210//628 1209//629 1207//630
f 1213//631 1212//632 1211//633
f 1214//634 1213//635 1211//636
f 1217//637 1216//638 1215//639
f 1218//640 1217//641 1215//642
f 1221//643 1220//644 1219//645
f 1222//646 1221//647 1219//648
f 1225//649 1224//650 1223//651
f 1226//652 1225//653 1223//654
f 1229//655 1228//656 1227//657
f 1230//658 1229//659 1227//660
f 1233//661 1232//662 1231//663
f 1234//664 1233//665 1231//666
f 1237//667 1236//668 1235//669
f 1238//670 1237//671 1235//672
f 1241//673 1240//674 1239//675
f 1242//676 1241//677 1239//678
f 1245//679 1244//680 1243//681
f 1246//682 1245//683 1243//684
f 1249//685 1248//686 1247//687
f 1250//688 1249//689 1247//690
f 1253//691 1252//692 1251//693
f 1254//694 1253//695 1251//696
f 1257//697 1256//698 1255//699
f 1258//700 1257//701 1255//702
f 1261//703 1260//704 1259//705
f 1262//706 1261//707 1259//708
f 1265//709 1264//710 1263//711
f 1266//712 1265//713 1263//714
f 1269//715 1268//716 1267//717
f 1270//718 1269//719 1267//720
f 1373//721 1372//722 1371//723
f 1374//724 1373//725 1371//726
f 1417//727 1416//728 1415//729
f 1418//730 1417//731 1415//732
f 1421//733 1420//734 1419//735
f 1422//736 1421//737 1419//738
f 1425//739 1424//740 1423//741
f 1426//742 1425//743 1423//744
f 1429//745 1428//746 1427//747
f 1430//748 1429//749 1427//750
f 1433//751 1432//752 1431//753
f 1434//754 1433//755 1431//756
f 1437//757 1436//758 1435//759
f 1438//760 1437//761 1435//762
f 1441//763 1440//764 1439//765
f 1442//766 1441//767 1439//768
f 1445//769 1444//770 1443//771
f 1446//772 1445//773 1443//774
f 1449//775 1448//776 1447//777
f 1450//778 1449//779 1447//780
f 1453//781 1452//782 1451//783
f 1454//784 1453//785 1451//786
f 1457//787 1456//788 1455//789
f 1458//790 1457//791 1455//792
f 1461//793 1460//794 1459//795
f 1462//796 1461//797 1459//798
f 1465//799 1464//800 1463//801
f 1466//802 1465//803 1463//804
f 1469//805 1468//806 1467//807
f 1470//808 1469//809 1467//810
f 1473//811 1472//812 1471//813
f 1474//814 1473//815 1471//816
f 1477//817 1476//818 1475//819
f 1478//820 1477//821 1475//822
f 1481//823 1480//824 1479//825
f 1482//826 1481//827 1479//828
f 1485//829 1484//830 1483//831
f 1486//832 1485//833 1483//834
f 1489//835 1488//836 1487//837
f 1490//838 1489//839 1487//840
f 1593//841 1592//842 1591//843
f 1594//844 1593//845 1591//846
f 1637//847 1636//848 1635//849
f 1638//850 1637//851 1635//852
f 1641//853 1640//854 1639//855
f 1642//856 1641//857 1639//858
f 1645//859 1644//860 1643//861
f 1646//862 1645//863 1643//864
f 1649//865 1648//866 1647//867
f 1650//868 1649//869 1647//870
f 1653//871 1652//872 1651//873
f 1654//874 1653//875 1651//876
f 1657//877 1656//878 1655//879
f 1658//880 1657//881 1655//882
f 1661//883 1660//884 1659//885
f 1662//886 1661//887 1659//888
f 1665//889 1664//890 1663//891
f 1666//892 1665//893 1663//894
f 1669//895 1668//896 1667//897
f 1670//898 1669//899 1667//900
f 1673//901 1672//902 1671//903
f 1674//904 1673//905 1671//906
f 1677//907 1676//908 1675//909
f 1678//910 1677//911 1675//912
f 1681//913 1680//914 1679//915
f 1682//916 1681//917 1679//918
f 1685//919 1684//920 1683//921
f 1686//922 1685//923 1683//924
f 1689//925 1688//926 1687//927
f 1690//928 1689//929 1687//930
f 1693//931 1692//932 1691//933
f 1694//934 1693//935 1691//936
f 1697//937 1696//938 1695//939
f 1698//940 1697//941 1695//942
f 1701//943 1700//944 1699//945
f 1702//946 1701//947 1699//948
f 1705//949 1704//950 1703//951
f 1706//952 1705//953 1703//954
f 1709//955 1708//956 1707//957
f 1710//958 1709//959 1707//960
f 1813//961 1812//962 1811//963
f 1814//964 1813//965 1811//966
f 1857//967 1856//968 1855//969
f 1858//970 1857//971 1855//972
f 1861//973 1860//974 1859//975
f 1862//976 1861//977 1859//978
f 1865//979 1864//980 1863//981
f 1866//982 1865//983 1863//984
f 1869//985 1868//986 1867//987
f 1870//988 1869//989 1867//990
f 1873//991 1872//992 1871//993
f 1874//994 1873//995 1871//996
f 1877//997 1876//998 1875//999
f 1878//1000 1877//1001 1875//1002
f 1881//1003 1880//1004 1879//1005
f 1882//1006 1881//1007 1879//1008
f 1885//1009 1884//1010 1883//1011
f 1886//1012 1885//1013 1883//1014
f 1889//1015 1888//1016 1887//1017
f 1890//1018 1889//1019 1887//1020
f 1893//1021 1892//1022 1891//1023
f 1894//1024 1893//1025 1891//1026
f 1897//1027 1896//1028 1895//1029
f 1898//1030 1897//1031 1895//1032
f 1901//1033 1900//1034 1899//1035
f 1902//1036 1901//1037 1899//1038
f 1905//1039 1904//1040 1903//1041
f 1906//1042 1905//1043 1903//1044
f 1909//1045 1908//1046 1907//1047
f 1910//1048 1909//1049 1907//1050
f 1913//1051 1912//1052 1911//1053
f 1914//1054 1913//1055 1911//1056
f 1917//1057 1916//1058 1915//1059
f 1918//1060 1917//1061 1915//1062
f 1921//1063 1920//1064 1919//1065
f 1922//1066 1921//1067 1919//1068
f 1925//1069 1924//1070 1923//1071
f 1926//1072 1925//1073 1923//1074
f 1929//1075 1928//1076 1927//1077
f 1930//1078 1929//1079 1927//1080
f 2033//1081 2032//1082 2031//1083
f 2034//1084 2033//1085 2031//1086
f 2077//1087 2076//1088 2075//1089
f 2078//1090 2077//1091 2075//1092
f 2081//1093 2080//1094 2079//1095
f 2082//1096 2081//1097 2079//1098
f 2085//1099 2084//1100 2083//1101
f 2086//1102 2085//1103 2083//1104
f 2089//1105 2088//1106 2087//1107
f 2090//1108 2089//1109 2087//1110
f 2093//1111 2092//1112 2091//1113
f 2094//1114 2093//1115 2091//1116
f 2097//1117 2096//1118 2095//1119
f 2098//1120 2097//1121 2095//1122
f 2101//1123 2100//1124 2099//1125
f 2102//1126 2101//1127 2099//1128
f 2105//1129 2104//1130 2103//1131
f 2106//1132 2105//1133 2103//1134
f 2109//1135 2108//1136 2107//1137
f 2110//1138 2109//1139 2107//1140
f 2113//1141 2112//1142 2111//1143
f 2114//1144 2113//1145 2111//1146
f 2117//1147 2116//1148 2115//1149
f 2118//1150 2117//1151 2115//1152
f 2121//1153 2120//1154 2119//1155
f 2122//1156 2121//1157 2119//1158
f 2125//1159 2124//1160 2123//1161
f 2126//1162 2125//1163 2123//1164
f 2129//1165 2128//1166 2127//1167
f 2130//1168 2129//1169 2127//1170
f 2133//1171 2132//1172 2131//1173
f 2134//1174 2133//1175 2131//1176
f 2137//1177 2136//1178 2135//1179
f 2138//1180 2137//1181 2135//1182
f 2141//1183 2140//1184 2139//1185
f 2142//1186 2141//1187 2139//1188
f 2145//1189 2144//1190 2143//1191
f 2146//1192 2145//1193 2143//1194
f 2149//1195 2148//1196 2147//1197
f 2150//1198 2149//1199 2147//1200
g mat8
usemtl mat8
s off
f 3//1201 2//1202 1//1203
f 4//1204 3//1205 1//1206
f 7//1207 6//1208 5//1209
f 8//1210 7//1211 5//1212
f 11//1213 10//1214 9//1215
f 12//1216 11//1217 9//1218
f 15//1219 14//1220 13//1221
f 16//1222 15//1223 13//1224
f 19//1225 18//1226 17//1227
f 20//1228 19//1229 17//1230
f 23//1231 22//1232 21//1233
f 24//1234 23//1235 21//1236
f 27//1237 26//1238 25//1239
f 28//1240 27//1241 25//1242
f 31//1243 30//1244 29//1245
f 32//1246 31//1247 29//1248
f 35//1249 34//1250 33//1251
f 36//1252 35//1253 33//1254
f 39//1255 38//1256 37//1257
f 40//1258 39//1259 37//1260
f 43//1261 42//1262 41//1263
f 44//1264 43//1265 41//1266
f 45//1267 44//1268 41//1269
f 46//1270 45//1271 41//1272
f 47//1273 46//1274 41//1275
f 48//1276 47//1277 41//1278
f 49//1279 48//1280 41//1281
f 50//1282 49//1283 41//1284
f 57//1285 56//1286 55//1287
f 58//1288 57//1289 55//1290
f 61//1291 60//1292 59//1293
f 62//1294 61//1295 59//1296
f 65//1297 64//1298 63//1299
f 66//1300 65//1301 63//1302
f 69//1303 68//1304 67//1305
f 70//1306 69//1307 67//1308
f 73//1309 72//1310 71//1311
f 74//1312 73//1313 71//1314
f 77//1315 76//1316 75//1317
f 78//1318 77//1319 75//1320
f 81//1321 80//1322 79//1323
f 82//1324 81//1325 79//1326
f 85//1327 84//1328 83//1329
f 86//1330 85//1331 83//1332
f 89//1333 88//1334 87//1335
f 90//1336 89//1337 87//1338
f 93//1339 92//1340 91//1341
f 94//1342 93//1343 91//1344
f 173//1345 172//1346 171//1347
f 174//1348 173//1349 171//1350
f 177//1351 176//1352 175//1353
f 178//1354 177//1355 175//1356
f 181//1357 180//1358 179//1359
f 182//1360 181//1361 179//1362
f 185//1363 184//1364 183//1365
f 186//1366 185//1367 183//1368
f 189//1369 188//1370 187//1371
f 190//1372 189//1373 187//1374
f 193//1375 192//1376 191//1377
f 194//1378 193//1379 191//1380
f 197//1381 196//1382 195//1383
f 198//1384 197//1385 195//1386
f 201//1387 200//1388 199//1389
f 202//1390 201//1391 199//1392
f 205//1393 204//1394 203//1395
f 206//1396 205//1397 203//1398
f 209//1399 208//1400 207//1401
f 210//1402 209//1403 207//1404
f 213//1405 212//1406 211//1407
f 214//1408 213//1409 211//1410
f 215//1411 214//1412 211//1413
f 216//1414 215//1415 211//1416
f 217//1417 216//1418 211//1419
f 218//1420 217//1421 211//1422
f 219//1423 218//1424 211//1425
f 220//1426 219//1427 211//1428
f 223//1429 222//1430 221//1431
f 224//1432 223//1433 221//1434
f 227//1435 226//1436 225//1437
f 228//1438 227//1439 225//1440
f 231//1441 230//1442 229//1443
f 232//1444 231//1445 229//1446
f 235//1447 234//1448 233//1449
f 236//1450 235//1451 233//1452
f 239//1453 238//1454 237//1455
f 240//1456 239//1457 237//1458
f 243//1459 242//1460 241//1461
f 244//1462 243//1463 241//1464
f 247//1465 246//1466 245//1467
f 248//1468 247//1469 245//1470
f 251//1471 250//1472 249//1473
f 252//1474 251//1475 249//1476
f 255//1477 254//1478 253//1479
f 256//1480 255//1481 253//1482
f 259//1483 258//1484 257//1485
f 260//1486 259//1487 257//1488
f 263//1489 262//1490 261//1491
f 264//1492 263//1493 261//1494
f 265//1495 264//1496 261//1497
f 266//1498 265//1499 261//1500
f 267//1501 266//1502 261//1503
f 268//1504 267//1505 261//1506
f 269//1507 268//1508 261//1509
f 270//1510 269//1511 261//1512
f 277//1513 276//1514 275//1515
f 278//1516 277//1517 275//1518
f 281//1519 280//1520 279//1521
f 282//1522 281//1523 279//1524
f 285//1525 284//1526 283//1527
f 286//1528 285//1529 283//1530
f 289//1531 288//1532 287//1533
f 290//1534 289//1535 287//1536
f 293//1537 292//1538 291//1539
f 294//1540 293//1541 291//1542
f 297//1543 296//1544 295//1545
f 298//1546 297//1547 295//1548
f 301//1549 300//1550 299//1551
f 302//1552 301//1553 299//1554
f 305//1555 304//1556 303//1557
f 306//1558 305//1559 303//1560
f 309//1561 308//1562 307//1563
f 310//1564 309//1565 307//1566
f 313//1567 312//1568 311//1569
f 314//1570 313//1571 311//1572
f 393//1573 392//1574 391//1575
f 394//1576 393//1577 391//1578
f 397//1579 396//1580 395//1581
f 398//1582 397//1583 395//1584
f 401//1585 400//1586 399//1587
f 402//1588 401//1589 399//1590
f 405//1591 404//1592 403//1593
f 406//1594 405//1595 403//1596
f 409//1597 408//1598 407//1599
f 410//1600 409//1601 407//1602
f 413//1603 412//1604 411//1605
f 414//1606 413//1607 411//1608
f 417//1609 416//1610 415//1611
f 418//1612 417//1613 415//1614
f 421//1615 420//1616 419//1617
f 422//1618 421//1619 419//1620
f 425//1621 424//1622 423//1623
f 426//1624 425//1625 423//1626
f 429//1627 428//1628 427//1629
f 430//1630 429//1631 427//1632
f 433//1633 432//1634 431//1635
f 434//1636 433//1637 431//1638
f 435//1639 434//1640 431//1641
f 436//1642 435//1643 431//1644
f 437//1645 436//1646 431//1647
f 438//1648 437//1649 431//1650
f 439//1651 438//1652 431//1653
f 440//1654 439//1655 431//1656
f 443//1657 442//1658 441//1659
f 444//1660 443//1661 441//1662
f 447//1663 446//1664 445//1665
f 448//1666 447//1667 445//1668
f 451//1669 450//1670 449//1671
f 452//1672 451//1673 449//1674
f 455//1675 454//1676 453//1677
f 456//1678 455//1679 453//1680
f 459//1681 458//1682 457//1683
f 460//1684 459//1685 457//1686
f 463//1687 462//1688 461//1689
f 464//1690 463//1691 461//1692
f 467//1693 466//1694 465//1695
f 468//1696 467//1697 465//1698
f 471//1699 470//1700 469//1701
f 472//1702 471//1703 469//1704
f 475//1705 474//1706 473//1707
f 476//1708 475//1709 473//1710
f 479//1711 478//1712 477//1713
f 480//1714 479//1715 477//1716
f 483//1717 482//1718 481//1719
f 484//1720 483//1721 481//1722
f 485//1723 484//1724 481//1725
f 486//1726 485//1727 481//1728
f 487//1729 486//1730 481//1731
f 488//1732 487//1733 481//1734
f 489//1735 488//1736 481//1737
f 490//1738 489//1739 481//1740
f 497//1741 496//1742 495//1743
f 498//1744 497//1745 495//1746
f 501//1747 500//1748 499//1749
f 502//1750 501//1751 499//1752
f 505//1753 504//1754 503//1755
f 506//1756 505//1757 503//1758
f 509//1759 508//1760 507//1761
f 510//1762 509//1763 507//1764
f 513//1765 512//1766 511//1767
f 514//1768 513//1769 511//1770
f 517//1771 516//1772 515//1773
f 518//1774 517//1775 515//1776
f 521//1777 520//1778 519//1779
f 522//1780 521//1781 519//1782
f 525//1783 524//1784 523//1785
f 526//1786 525//1787 523//1788
f 529//1789 528//1790 527//1791
f 530//1792 529//1793 527//1794
f 533//1795 532//1796 531//1797
f 534//1798 533//1799 531//1800
f 613//1801 612//1802 611//1803
f 614//1804 613//1805 611//1806
f 617//1807 616//1808 615//1809
f 618//1810 617//1811 615//1812
f 621//1813 620//1814 619//1815
f 622//1816 621//1817 619//1818
f 625//1819 624//1820 623//1821
f 626//1822 625//1823 623//1824
f 629//1825 628//1826 627//1827
f 630//1828 629//1829 627//1830
f 633//1831 632//1832 631//1833
f 634//1834 633//1835 631//1836
f 637//1837 636//1838 635//1839
f 638//1840 637//1841 635//1842
f 641//1843 640//1844 639//1845
f 642//1846 641//1847 639//1848
f 645//1849 644//1850 643//1851
f 646//1852 645//1853 643//1854
f 649//1855 648//1856 647//1857
f 650//1858 649//1859 647//1860
f 653//1861 652//1862 651//1863
f 654//1864 653//1865 651//1866
f 655//1867 654//1868 651//1869
f 656//1870 655//1871 651//1872
f 657//1873 656//1874 651//1875
f 658//1876 657//1877 651//1878
f 659//1879 658//1880 651//1881
f 660//1882 659//1883 651//1884
f 663//1885 662//1886 661//1887
f 664//1888 663//1889 661//1890
f 667//1891 666//1892 665//1893
f 668//1894 667//1895 665//1896
f 671//1897 670//1898 669//1899
f 672//1900 671//1901 669//1902
f 675//1903 674//1904 673//1905
f 676//1906 675//1907 673//1908
f 679//1909 678//1910 677//1911
f 680//1912 679//1913 677//1914
f 683//1915 682//1916 681//1917
f 684//1918 683//1919 681//1920
f 687//1921 686//1922 685//1923
f 688//1924 687//1925 685//1926
f 691//1927 690//1928 689//1929
f 692//1930 691//1931 689//1932
f 695//1933 694//1934 693//1935
f 696//1936 695//1937 693//1938
f 699//1939 698//1940 697//1941
f 700//1942 699//1943 697//1944
f 703//1945 702//1946 701//1947
f 704//1948 703//1949 701//1950
f 705//1951 704//1952 701//1953
f 706//1954 705//1955 701//1956
f 707//1957 706//1958 701//1959
f 708//1960 707//1961 701//1962
f 709//1963 708//1964 701//1965
f 710//1966 709//1967 701//1968
f 717//1969 716//1970 715//1971
f 718//1972 717//1973 715//1974
f 721//1975 720//1976 719//1977
f 722//1978 721//1979 719//1980
f 725//1981 724//1982 723//1983
f 726//1984 725//1985 723//1986
f 729//1987 728//1988 727//1989
f 730//1990 729//1991 727//1992
f 733//1993 732//1994 731//1995
f 734//1996 733//1997 731//1998
f 737//1999 736//2000 735//2001
f 738//2002 737//2003 735//2004
f 741//2005 740//2006 739//2007
f 742//2008 741//2009 739//2010
f 745//2011 744//2012 743//2013
f 746//2014 745//2015 743//2016
f 749//2017 748//2018 747//2019
f 750//2020 749//2021 747//2022
f 753//2023 752//2024 751//2025
f 754//2026 753//2027 751//2028
f 833//2029 832//2030 831//2031
f 834//2032 833//2033 831//2034
f 837//2035 836//2036 835//2037
f 838//2038 837//2039 835//2040
f 841//2041 840//2042 839//2043
f 842//2044 841//2045 839//2046
f 845//2047 844//2048 843//2049
f 846//2050 845//2051 843//2052
f 849//2053 848//2054 847//2055
f 850//2056 849//2057 847//2058
f 853//2059 852//2060 851//2061
f 854//2062 853//2063 851//2064
f 857//2065 856//2066 855//2067
f 858//2068 857//2069 855//2070
f 861//2071 860//2072 859//2073
f 862//2074 861//2075 859//2076
f 865//2077 864//2078 863//2079
f 866//2080 865//2081 863//2082
f 869//2083 868//2084 867//2085
f 870//2086 869//2087 867//2088
f 873//2089 872//2090 871//2091
f 874//2092 873//2093 871//2094
f 875//2095 874//2096 871//2097
f 876//2098 875//2099 871//2100
f 877//2101 876//2102 871//2103
f 878//2104 877//2105 871//2106
f 879//2107 878//2108 871//2109
f 880//2110 879//2111 871//2112
f 883//2113 882//2114 881//2115
f 884//2116 883//2117 881//2118
f 887//2119 886//2120 885//2121
f 888//2122 887//2123 885//2124
f 891//2125 890//2126 889//2127
f 892//2128 891//2129 889//2130
f 895//2131 894//2132 893//2133
f 896//2134 895//2135 893//2136
f 899//2137 898//2138 897//2139
f 900//2140 899//2141 897//2142
f 903//2143 902//2144 901//2145
f 904//2146 903//2147 901//2148
f 907//2149 906//2150 905//2151
f 908//2152 907//2153 905//2154
f 911//2155 910//2156 909//2157
f 912//2158 911//2159 909//2160
f 915//2161 914//2162 913//2163
f 916//2164 915//2165 913//2166
f 919//2167 918//2168 917//2169
f 920//2170 919//2171 917//2172
f 923//2173 922//2174 921//2175
f 924//2176 923//2177 921//2178
f 925//2179 924//2180 921//2181
f 926//2182 925//2183 921//2184
f 927//2185 926//2186 921//2187
f 928//2188 927//2189 921//2190
f 929//2191 928//2192 921//2193
f 930//2194 929//2195 921//2196
f 937//2197 936//2198 935//2199
f 938//2200 937//2201 935//2202
f 941//2203 940//2204 939//2205
f 942//2206 941//2207 939//2208
f 945//2209 944//2210 943//2211
f 946//2212 945//2213 943//2214
f 949//2215 948//2216 947//2217
f 950//2218 949//2219 947//2220
f 953//2221 952//2222 951//2223
f 954//2224 953//2225 951//2226
f 957//2227 956//2228 955//2229
f 958//2230 957//2231 955//2232
f 961//2233 960//2234 959//2235
f 962//2236 961//2237 959//2238
f 965//2239 964//2240 963//2241
f 966//2242 965//2243 963//2244
f 969//2245 968//2246 967//2247
f 970//2248 969//2249 967//2250
f 973//2251 972//2252 971//2253
f 974//2254 973//2255 971//2256
f 1053//2257 1052//2258 1051//2259
f 1054//2260 1053//2261 1051//2262
f 1057//2263 1056//2264 1055//2265
f 1058//2266 1057//2267 1055//2268
f 1061//2269 1060//2270 1059//2271
f 1062//2272 1061//2273 1059//2274
f 1065//2275 1064//2276 1063//2277
f 1066//2278 1065//2279 1063//2280
f 1069//2281 1068//2282 1067//2283
f 1070//2284 1069//2285 1067//2286
f 1073//2287 1072//2288 1071//2289
f 1074//2290 1073//2291 1071//2292
f 1077//2293 1076//2294 1075//2295
f 1078//2296 1077//2297 1075//2298
f 1081//2299 1080//2300 1079//2301
f 1082//2302 1081//2303 1079//2304
f 1085//2305 1084//2306 1083//2307
f 1086//2308 1085//2309 1083//2310
f 1089//2311 1088//2312 1087//2313
f 1090//2314 1089//2315 1087//2316
f 1093//2317 1092//2318 1091//2319
f 1094//2320 1093//2321 1091//2322
f 1095//2323 1094//2324 1091//2325
f 1096//2326 1095//2327 1091//2328
f 1097//2329 1096//2330 1091//2331
f 1098//2332 1097//2333 1091//2334
f 1099//2335 1098//2336 1091//2337
f 1100//2338 1099//2339 1091//2340
f 1103//2341 1102//2342 1101//2343
f 1104//2344 1103//2345 1101//2346
f 1107//2347 1106//2348 1105//2349
f 1108//2350 1107//2351 1105//2352
f 1111//2353 1110//2354 1109//2355
f 1112//2356 1111//2357 1109//2358
f 1115//2359 1114//2360 1113//2361
f 1116//2362 1115//2363 1113//2364
f 1119//2365 1118//2366 1117//2367
f 1120//2368 1119//2369 1117//2370
f 1123//2371 1122//2372 1121//2373
f 1124//2374 1123//2375 1121//2376
f 1127//2377 1126//2378 1125//2379
f 1128//2380 1127//2381 1125//2382
f 1131//2383 1130//2384 1129//2385
f 1132//2386 1131//2387 1129//2388
f 1135//2389 1134//2390 1133//2391
f 1136//2392 1135//2393 1133//2394
f 1139//2395 1138//2396 1137//2397
f 1140//2398 1139//2399 1137//2400
f 1143//2401 1142//2402 1141//2403
f 1144//2404 1143//2405 1141//2406
f 1145//2407 1144//2408 1141//2409
f 1146//2410 1145//2411 1141//2412
f 1147//2413 1146//2414 1141//2415
f 1148//2416 1147//2417 1141//2418
f 1149//2419 1148//2420 1141//2421
f 1150//2422 1149//2423 1141//2424
f 1157//2425 1156//2426 1155//2427
f 1158//2428 1157//2429 1155//2430
f 1161//2431 1160//2432 1159//2433
f 1162//2434 1161//2435 1159//2436
f 1165//2437 1164//2438 1163//2439
f 1166//2440 1165//2441 1163//2442
f 1169//2443 1168//2444 1167//2445
f 1170//2446 1169//2447 1167//2448
f 1173//2449 1172//2450 1171//2451
f 1174//2452 1173//2453 1171//2454
f 1177//2455 1176//2456 1175//2457
f 1178//2458 1177//2459 1175//2460
f 1181//2461 1180//2462 1179//2463
f 1182//2464 1181//2465 1179//2466
f 1185//2467 1184//2468 1183//2469
f 1186//2470 1185//2471 1183//2472
f 1189//2473 1188//2474 1187//2475
f 1190//2476 1189//2477 1187//2478
f 1193//2479 1192//2480 1191//2481
f 1194//2482 1193//2483 1191//2484
f 1273//2485 1272//2486 1271//2487
f 1274//2488 1273//2489 1271//2490
f 1277//2491 1276//2492 1275//2493
f 1278//2494 1277//2495 1275//2496
f 1281//2497 1280//2498 1279//2499
f 1282//2500 1281//2501 1279//2502
f 1285//2503 1284//2504 1283//2505
f 1286//2506 1285//2507 1283//2508
f 1289//2509 1288//2510 1287//2511
f 1290//2512 1289//2513 1287//2514
f 1293//2515 1292//2516 1291//2517
f 1294//2518 1293//2519 1291//2520
f 1297//2521 1296//2522 1295//2523
f 1298//2524 1297//2525 1295//2526
f 1301//2527 1300//2528 1299//2529
f 1302//2530 1301//2531 1299//2532
f 1305//2533 1304//2534 1303//2535
f 1306//2536 1305//2537 1303//2538
f 1309//2539 1308//2540 1307//2541
f 1310//2542 1309//2543 1307//2544
f 1313//2545 1312//2546 1311//2547
f 1314//2548 1313//2549 1311//2550
f 1315//2551 1314//2552 1311//2553
f 1316//2554 1315//2555 1311//2556
f 1317//2557 1316//2558 1311//2559
f 1318//2560 1317//2561 1311//2562
f 1319//2563 1318//2564 1311//2565
f 1320//2566 1319//2567 1311//2568
f 1323//2569 1322//2570 1321//2571
f 1324//2572 1323//2573 1321//2574
f 1327//2575 1326//2576 1325//2577
f 1328//2578 1327//2579 1325//2580
f 1331//2581 1330//2582 1329//2583
f 1332//2584 1331//2585 1329//2586
f 1335//2587 1334//2588 1333//2589
f 1336//2590 1335//2591 1333//2592
f 1339//2593 1338//2594 1337//2595
f 1340//2596 1339//2597 1337//2598
f 1343//2599 1342//2600 1341//2601
f 1344//2602 1343//2603 1341//2604
f 1347//2605 1346//2606 1345//2607
f 1348//2608 1347//2609 1345//2610
f 1351//2611 1350//2612 1349//2613
f 1352//2614 1351//2615 1349//2616
f 1355//2617 1354//2618 1353//2619
f 1356//2620 1355//2621 1353//2622
f 1359//2623 1358//2624 1357//2625
f 1360//2626 1359//2627 1357//2628
f 1363//2629 1362//2630 1361//2631
f 1364//2632 1363//2633 1361//2634
f 1365//2635 1364//2636 1361//2637
f 1366//2638 1365//2639 1361//2640
f 1367//2641 1366//2642 1361//2643
f 1368//2644 1367//2645 1361//2646
f 1369//2647 1368//2648 1361//2649
f 1370//2650 1369//2651 1361//2652
f 1377//2653 1376//2654 1375//2655
f 1378//2656 1377//2657 1375//2658
f 1381//2659 1380//2660 1379//2661
f 1382//2662 1381//2663 1379//2664
f 1385//2665 1384//2666 1383//2667
f 1386//2668 1385//2669 1383//2670
f 1389//2671 1388//2672 1387//2673
f 1390//2674 1389//2675 1387//2676
f 1393//2677 1392//2678 1391//2679
f 1394//2680 1393//2681 1391//2682
f 1397//2683 1396//2684 1395//2685
f 1398//2686 1397//2687 1395//2688
f 1401//2689 1400//2690 1399//2691
f 1402//2692 1401//2693 1399//2694
f 1405//2695 1404//2696 1403//2697
f 1406//2698 1405//2699 1403//2700
f 1409//2701 1408//2702 1407//2703
f 1410//2704 1409//2705 1407//2706
f 1413//2707 1412//2708 1411//2709
f 1414//2710 1413//2711 1411//2712
f 1493//2713 1492//2714 1491//2715
f 1494//2716 1493//2717 1491//2718
f 1497//2719 1496//2720 1495//2721
f 1498//2722 1497//2723 1495//2724
f 1501//2725 1500//2726 1499//2727
f 1502//2728 1501//2729 1499//2730
f 1505//2731 1504//2732 1503//2733
f 1506//2734 1505//2735 1503//2736
f 1509//2737 1508//2738 1507//2739
f 1510//2740 1509//2741 1507//2742
f 1513//2743 1512//2744 1511//2745
f 1514//2746 1513//2747 1511//2748
f 1517//2749 1516//2750 1515//2751
f 1518//2752 1517//2753 1515//2754
f 1521//2755 1520//2756 1519//2757
f 1522//2758 1521//2759 1519//2760
f 1525//2761 1524//2762 1523//2763
f 1526//2764 1525//2765 1523//2766
f 1529//2767 1528//2768 1527//2769
f 1530//2770 1529//2771 1527//2772
f 1533//2773 1532//2774 1531//2775
f 1534//2776 1533//2777 1531//2778
f 1535//2779 1534//2780 1531//2781
f 1536//2782 1535//2783 1531//2784
f 1537//2785 1536//2786 1531//2787
f 1538//2788 1537//2789 1531//2790
f 1539//2791 1538//2792 1531//2793
f 1540//2794 1539//2795 1531//2796
f 1543//2797 1542//2798 1541//2799
f 1544//2800 1543//2801 1541//2802
f 1547//2803 1546//2804 1545//2805
f 1548//2806 1547//2807 1545//2808
f 1551//2809 1550//2810 1549//2811
f 1552//2812 1551//2813 1549//2814
f 1555//2815 1554//2816 1553//2817
f 1556//2818 1555//2819 1553//2820
f 1559//2821 1558//2822 1557//2823
f 1560//2824 1559//2825 1557//2826
f 1563//2827 1562//2828 1561//2829
f 1564//2830 1563//2831 1561//2832
f 1567//2833 1566//2834 1565//2835
f 1568//2836 1567//2837 1565//2838
f 1571//2839 1570//2840 1569//2841
f 1572//2842 1571//2843 1569//2844
f 1575//2845 1574//2846 1573//2847
f 1576//2848 1575//2849 1573//2850
f 1579//2851 1578//2852 1577//2853
f 1580//2854 1579//2855 1577//2856
f 1583//2857 1582//2858 1581//2859
f 1584//2860 1583//2861 1581//2862
f 1585//2863 1584//2864 1581//2865
f 1586//2866 1585//2867 1581//2868
f 1587//2869 1586//2870 1581//2871
f 1588//2872 1587//2873 1581//2874
f 1589//2875 1588//2876 1581//2877
f 1590//2878 1589//2879 1581//2880
f 1597//2881 1596//2882 1595//2883
f 1598//2884 1597//2885 1595//2886
f 1601//2887 1600//2888 1599//2889
f 1602//2890 1601//2891 1599//2892
f 1605//2893 1604//2894 1603//2895
f 1606//2896 1605//2897 1603//2898
f 1609//2899 1608//2900 1607//2901
f 1610//2902 1609//2903 1607//2904
f 1613//2905 1612//2906 1611//2907
f 1614//2908 1613//2909 1611//2910
f 1617//2911 1616//2912 1615//2913
f 1618//2914 1617//2915 1615//2916
f 1621//2917 1620//2918 1619//2919
f 1622//2920 1621//2921 1619//2922
f 1625//2923 1624//2924 1623//2925
f 1626//2926 1625//2927 1623//2928
f 1629//2929 1628//2930 1627//2931
f 1630//2932 1629//2933 1627//2934
f 1633//2935 1632//2936 1631//2937
f 1634//2938 1633//2939 1631//2940
f 1713//2941 1712//2942 1711//2943
f 1714//2944 1713//2945 1711//2946
f 1717//2947 1716//2948 1715//2949
f 1718//2950 1717//2951 1715//2952
f 1721//2953 1720//2954 1719//2955
f 1722//2956 1721//2957 1719//2958
f 1725//2959 1724//2960 1723//2961
f 1726//2962 1725//2963 1723//2964
f 1729//2965 1728//2966 1727//2967
f 1730//2968 1729//2969 1727//2970
f 1733//2971 1732//2972 1731//2973
f 1734//2974 1733//2975 1731//2976
f 1737//2977 1736//2978 1735//2979
f 1738//2980 1737//2981 1735//2982
f 1741//2983 1740//2984 1739//2985
f 1742//2986 1741//2987 1739//2988
f 1745//2989 1744//2990 1743//2991
f 1746//2992 1745//2993 1743//2994
f 1749//2995 1748//2996 1747//2997
f 1750//2998 1749//2999 1747//3000
f 1753//3001 1752//3002 1751//3003
f 1754//3004 1753//3005 1751//3006
f 1755//3007 1754//3008 1751//3009
f 1756//3010 1755//3011 1751//3012
f 1757//3013 1756//3014 1751//3015
f 1758//3016 1757//3017 1751//3018
f 1759//3019 1758//3020 1751//3021
f 1760//3022 1759//3023 1751//3024
f 1763//3025 1762//3026 1761//3027
f 1764//3028 1763//3029 1761//3030
f 1767//3031 1766//3032 1765//3033
f 1768//3034 1767//3035 1765//3036
f 1771//3037 1770//3038 1769//3039
f 1772//3040 1771//3041 1769//3042
f 1775//3043 1774//3044 1773//3045
f 1776//3046 1775//3047 1773//3048
f 1779//3049 1778//3050 1777//3051
f 1780//3052 1779//3053 1777//3054
f 1783//3055 1782//3056 1781//3057
f 1784//3058 1783//3059 1781//3060
f 1787//3061 1786//3062 1785//3063
f 1788//3064 1787//3065 1785//3066
f 1791//3067 1790//3068 1789//3069
f 1792//3070 1791//3071 1789//3072
f 1795//3073 1794//3074 1793//3075
f 1796//3076 1795//3077 1793//3078
f 1799//3079 1798//3080 1797//3081
f 1800//3082 1799//3083 1797//3084
f 1803//3085 1802//3086 1801//3087
f 1804//3088 1803//3089 1801//3090
f 1805//3091 1804//3092 1801//3093
f 1806//3094 1805//3095 1801//3096
f 1807//3097 1806//3098 1801//3099
f 1808//3100 1807//3101 1801//3102
f 1809//3103 1808//3104 1801//3105
f 1810//3106 1809//3107 1801//3108
f 1817//3109 1816//3110 1815//3111
f 1818//3112 1817//3113 1815//3114
f 1821//3115 1820//3116 1819//3117
f 1822//3118 1821//3119 1819//3120
f 1825//3121 1824//3122 1823//3123
f 1826//3124 1825//3125 1823//3126
f 1829//3127 1828//3128 1827//3129
f 1830//3130 1829//3131 1827//3132
f 1833//3133 1832//3134 1831//3135
f 1834//3136 1833//3137 1831//3138
f 1837//3139 1836//3140 1835//3141
f 1838//3142 1837//3143 1835//3144
f 1841//3145 1840//3146 1839//3147
f 1842//3148 1841//3149 1839//3150
f 1845//3151 1844//3152 1843//3153
f 1846//3154 1845//3155 1843//3156
f 1849//3157 1848//3158 1847//3159
f 1850//3160 1849//3161 1847//3162
f 1853//3163 1852//3164 1851//3165
f 1854//3166 1853//3167 1851//3168
f 1933//3169 1932//3170 1931//3171
f 1934//3172 1933//3173 1931//3174
f 1937//3175 1936//3176 1935//3177
f 1938//3178 1937//3179 1935//3180
f 1941//3181 1940//3182 1939//3183
f 1942//3184 1941//3185 1939//3186
f 1945//3187 1944//3188 1943//3189
f 1946//3190 1945//3191 1943//3192
f 1949//3193 1948//3194 1947//3195
f 1950//3196 1949//3197 1947//3198
f 1953//3199 1952//3200 1951//3201
f 1954//3202 1953//3203 1951//3204
f 1957//3205 1956//3206 1955//3207
f 1958//3208 1957//3209 1955//3210
f 1961//3211 1960//3212 1959//3213
f 1962//3214 1961//3215 1959//3216
f 1965//3217 1964//3218 1963//3219
f 1966//3220 1965//3221 1963//3222
f 1969//3223 1968//3224 1967//3225
f 1970//3226 1969//3227 1967//3228
f 1973//3229 1972//3230 1971//3231
f 1974//3232 1973//3233 1971//3234
f 1975//3235 1974//3236 1971//3237
f 1976//3238 1975//3239 1971//3240
f 1977//3241 1976//3242 1971//3243
f 1978//3244 1977//3245 1971//3246
f 1979//3247 1978//3248 1971//3249
f 1980//3250 1979//3251 1971//3252
f 1983//3253 1982//3254 1981//3255
f 1984//3256 1983//3257 1981//3258
f 1987//3259 1986//3260 1985//3261
f 1988//3262 1987//3263 1985//3264
f 1991//3265 1990//3266 1989//3267
f 1992//3268 1991//3269 1989//3270
f 1995//3271 1994//3272 1993//3273
f 1996//3274 1995//3275 1993//3276
f 1999//3277 1998//3278 1997//3279
f 2000//3280 1999//3281 1997//3282
f 2003//3283 2002//3284 2001//3285
f 2004//3286 2003//3287 2001//3288
f 2007//3289 2006//3290 2005//3291
f 2008//3292 2007//3293 2005//3294
f 2011//3295 2010//3296 2009//3297
f 2012//3298 2011//3299 2009//3300
f 2015//3301 2014//3302 2013//3303
f 2016//3304 2015//3305 2013//3306
f 2019//3307 2018//3308 2017//3309
f 2020//3310 2019//3311 2017//3312
f 2023//3313 2022//3314 2021//3315
f 2024//3316 2023//3317 2021//3318
f 2025//3319 2024//3320 2021//3321
f 2026//3322 2025//3323 2021//3324
f 2027//3325 2026//3326 2021//3327
f 2028//3328 2027//3329 2021//3330
f 2029//3331 2028//3332 2021//3333
f 2030//3334 2029//3335 2021//3336
f 2037//3337 2036//3338 2035//3339
f 2038//3340 2037//3341 2035//3342
f 2041//3343 2040//3344 2039//3345
f 2042//3346 2041//3347 2039//3348
f 2045//3349 2044//3350 2043//3351
f 2046//3352 2045//3353 2043//3354
f 2049//3355 2048//3356 2047//3357
f 2050//3358 2049//3359 2047//3360
f 2053//3361 2052//3362 2051//3363
f 2054//3364 2053//3365 2051//3366
f 2057//3367 2056//3368 2055//3369
f 2058//3370 2057//3371 2055//3372
f 2061//3373 2060//3374 2059//3375
f 2062//3376 2061//3377 2059//3378
f 2065//3379 2064//3380 2063//3381
f 2066//3382 2065//3383 2063//3384
f 2069//3385 2068//3386 2067//3387
f 2070//3388 2069//3389 2067//3390
f 2073//3391 2072//3392 2071//3393
f 2074//3394 2073//3395 2071//3396
f 2153//3397 2152//3398 2151//3399
f 2154//3400 2153//3401 2151//3402
f 2157//3403 2156//3404 2155//3405
f 2158//3406 2157//3407 2155//3408
f 2161//3409 2160//3410 2159//3411
f 2162//3412 2161//3413 2159//3414
f 2165//3415 2164//3416 2163//3417
f 2166//3418 2165//3419 2163//3420
f 2169//3421 2168//3422 2167//3423
f 2170//3424 2169//3425 2167//3426
f 2173//3427 2172//3428 2171//3429
f 2174//3430 2173//3431 2171//3432
f 2177//3433 2176//3434 2175//3435
f 2178//3436 2177//3437 2175//3438
f 2181//3439 2180//3440 2179//3441
f 2182//3442 2181//3443 2179//3444
f 2185//3445 2184//3446 2183//3447
f 2186//3448 2185//3449 2183//3450
f 2189//3451 2188//3452 2187//3453
f 2190//3454 2189//3455 2187//3456
f 2193//3457 2192//3458 2191//3459
f 2194//3460 2193//3461 2191//3462
f 2195//3463 2194//3464 2191//3465
f 2196//3466 2195//3467 2191//3468
f 2197//3469 2196//3470 2191//3471
f 2198//3472 2197//3473 2191//3474
f 2199//3475 2198//3476 2191//3477
f 2200//3478 2199//3479 2191//3480
